[{"id":"57abc8c7-f190-4784-990b-1aaffba84887","codename":"api_response_container","last_modified":"2019-06-09T08:25:41.6450793Z","name":"API Response container","content_groups":[],"elements":[{"mode":"single","options":[{"id":"e0904301-743e-439f-8dcd-ab2e5e08ccd0","codename":"n200","name":"200"},{"id":"19e1f5de-2706-43d2-94ff-65bbfe6221c7","codename":"n201","name":"201"},{"id":"487aff8f-beb7-4a13-a4bb-ecf3a0b838ea","codename":"n204","name":"204"},{"id":"3660df78-2746-4020-965f-653ee1c5d96a","codename":"n400","name":"400"},{"id":"209b3a76-a292-466c-bda9-4dd4e5864ea0","codename":"n401","name":"401"},{"id":"30283fc5-6ef9-4527-a1cc-3b05cec7f8f2","codename":"n403","name":"403"},{"id":"233b6629-32e6-447f-ab35-7739d6836b83","codename":"n404","name":"404"},{"id":"534d6645-a062-4584-a33f-f3703b83d693","codename":"n429","name":"429"},{"id":"8f7b0566-1e64-4776-85d3-3db9f79aaf2d","codename":"n500","name":"500"}],"name":"HTTP status","guidelines":null,"is_required":false,"type":"multiple_choice","external_id":"5a7f6aed-85c1-4202-b628-3a77ef74399d","id":"02a2fc0c-4589-515a-ae5d-2f04115c4057","codename":"http_status"},{"maximum_text_length":null,"maximum_image_size":null,"allowed_content_types":[],"image_width_limit":null,"image_height_limit":null,"allowed_image_types":"any","allowed_blocks":[],"allowed_formatting":[],"allowed_text_blocks":[],"name":"Response","guidelines":null,"is_required":false,"type":"rich_text","external_id":"63f41263-d342-49de-972f-28d30986fd51","id":"c9f0758b-0b28-5ab4-a938-f9dcddf2ef3b","codename":"response"}]},{"id":"b333993b-5340-4b1b-bbd4-d0ddea816420","codename":"api_response","last_modified":"2019-06-09T08:25:20.0581205Z","name":"API Response","content_groups":[],"elements":[{"item_count_limit":null,"allowed_content_types":[],"name":"Headers","guidelines":null,"is_required":false,"type":"modular_content","external_id":"513db9b4-f6c8-41a2-a023-37ffc527b370","id":"83b8342b-40f0-5149-aebb-71e16eaab368","codename":"headers"},{"guidelines":null,"taxonomy_group":{"id":"fc26f006-2be4-4a74-9063-a1410f7cca4f"},"is_required":false,"type":"taxonomy","external_id":"d0281513-67e3-4d3a-a9ff-8e17cb1671ca","id":"c849053d-c676-5af4-8693-f822132829e2","codename":"api_reference"},{"maximum_text_length":null,"maximum_image_size":null,"allowed_content_types":[],"image_width_limit":null,"image_height_limit":null,"allowed_image_types":"any","allowed_blocks":[],"allowed_formatting":[],"allowed_text_blocks":[],"name":"Content","guidelines":null,"is_required":false,"type":"rich_text","external_id":"f686b1f3-79ba-488f-b739-964a0a207d59","id":"4b8ce3f9-8621-5138-85fb-f2a1dec5dcfc","codename":"content"},{"maximum_text_length":null,"maximum_image_size":null,"allowed_content_types":[],"image_width_limit":null,"image_height_limit":null,"allowed_image_types":"any","allowed_blocks":[],"allowed_formatting":[],"allowed_text_blocks":[],"name":"Description","guidelines":null,"is_required":false,"type":"rich_text","external_id":"ec8d52fd-5237-4b29-a776-ce2304f2ec04","id":"bae9b5e2-13c8-5682-be50-cde386620e86","codename":"description"}]},{"id":"f3d66712-e1fb-44b8-aaad-624cf31e25a8","codename":"api_schema__oneof","last_modified":"2019-06-09T08:26:44.689726Z","name":"API Schema: oneOf","content_groups":[],"elements":[{"guidelines":null,"taxonomy_group":{"id":"fc26f006-2be4-4a74-9063-a1410f7cca4f"},"is_required":false,"type":"taxonomy","external_id":"06d62388-4ae5-4659-aadb-ae1fe323f094","id":"152bdbe0-8077-5719-be84-afcfe996d331","codename":"api_reference"},{"maximum_text_length":null,"maximum_image_size":null,"allowed_content_types":[],"image_width_limit":null,"image_height_limit":null,"allowed_image_types":"any","allowed_blocks":[],"allowed_formatting":[],"allowed_text_blocks":[],"name":"Discriminator","guidelines":null,"is_required":false,"type":"rich_text","external_id":"c710b20a-8968-4ebe-8114-ee6770f260e8","id":"0bf30304-89aa-56ec-a18e-a7a68a7ed3a1","codename":"discriminator"},{"maximum_text_length":null,"name":"Example","guidelines":null,"is_required":false,"type":"text","external_id":"4f34c51c-264e-45b5-93f1-c5fd7fde7bd5","id":"6648cb36-74e2-54c0-9da1-e9d8d8fbb7b6","codename":"example"},{"maximum_text_length":null,"name":"Name","guidelines":null,"is_required":false,"type":"text","external_id":"35817d51-963f-4b5f-9d0c-a585f62efed2","id":"cf3f660a-8b39-5f54-9114-21676decb3c3","codename":"name"},{"maximum_text_length":null,"maximum_image_size":null,"allowed_content_types":[],"image_width_limit":null,"image_height_limit":null,"allowed_image_types":"any","allowed_blocks":[],"allowed_formatting":[],"allowed_text_blocks":[],"name":"Description","guidelines":null,"is_required":false,"type":"rich_text","external_id":"0bf67967-714a-44e3-858d-7d02b4ad688e","id":"b7bc278c-650f-5c9b-9346-fbb6f0b68a0d","codename":"description"},{"item_count_limit":null,"allowed_content_types":[],"name":"Schemas","guidelines":null,"is_required":false,"type":"modular_content","external_id":"f89ff8f6-1f38-4f27-b526-383889727e52","id":"90bc5b5b-1199-5abc-a69c-4742f5c88432","codename":"schemas"}]},{"id":"21058bd6-65e7-4f08-9d25-05a1bb415ee8","codename":"callout","last_modified":"2019-06-07T13:02:03.5045834Z","name":"Callout","content_groups":[],"elements":[{"maximum_text_length":null,"maximum_image_size":null,"allowed_content_types":[],"image_width_limit":null,"image_height_limit":null,"allowed_image_types":"any","allowed_blocks":[],"allowed_formatting":[],"allowed_text_blocks":[],"name":"Content","guidelines":"","is_required":false,"type":"rich_text","external_id":"b04c9f2e-8950-40ed-8614-a1693870edb7","id":"703f7cc1-4489-5beb-9c7a-3d042c370ff2","codename":"content"},{"mode":"single","options":[{"id":"fcd9efca-c37d-42c9-95ff-6be620b3cdef","codename":"tip","name":"Tip"},{"id":"eb678218-3d37-45ca-8b31-149acb65f87d","codename":"warning","name":"Warning"},{"id":"919d4506-dc13-473d-bc96-f763f093eb06","codename":"note","name":"Note"},{"id":"e148f761-d780-4b0d-8d1a-83605b754243","codename":"info","name":"Info"}],"name":"Type","guidelines":"","is_required":false,"type":"multiple_choice","external_id":"51f7f29d-371e-4b18-b0a3-02e38299d50a","id":"7dd29926-8830-50db-aad9-97e0f35a0722","codename":"type"}]},{"id":"b896e57d-14bd-4e31-a9fb-34076c62f396","codename":"image","last_modified":"2019-06-09T08:21:52.1786047Z","name":"Image","content_groups":[],"elements":[{"mode":"single","options":[{"id":"08df63f9-4988-4d01-bd62-57a8e81cac2c","codename":"n125_","name":"125%"},{"id":"c2a6e1ba-f842-4b72-bf2d-ae8b95efb69c","codename":"n100_","name":"100%"},{"id":"eac6758e-adca-4a70-a09d-9fa653626909","codename":"n75_","name":"75%"},{"id":"3cee246f-a0fc-4828-87ef-7d92eb8632a0","codename":"n50_","name":"50%"},{"id":"300fe99a-51a3-4b96-9d12-579fcf40fe2a","codename":"n25_","name":"25%"}],"name":"Image width","guidelines":null,"is_required":false,"type":"multiple_choice","external_id":"6ec4d7d5-31c5-4972-acbe-7521b2e71c1a","id":"a1d3e8cd-e833-5404-ab6a-49c0d0e8e277","codename":"image_width"},{"maximum_text_length":null,"maximum_image_size":null,"allowed_content_types":[],"image_width_limit":null,"image_height_limit":null,"allowed_image_types":"any","allowed_blocks":[],"allowed_formatting":[],"allowed_text_blocks":[],"name":"Description","guidelines":null,"is_required":false,"type":"rich_text","external_id":"d2cc3136-d427-4fba-8f49-03bb2c321c0b","id":"a07a8987-7742-5f1e-8f8c-4e4a7be3e178","codename":"description"},{"asset_count_limit":null,"maximum_file_size":null,"allowed_file_types":"any","image_width_limit":null,"image_height_limit":null,"name":"Image asset","guidelines":null,"is_required":false,"type":"asset","external_id":"f42e3025-39f4-4d4b-842b-32315bd363b2","id":"a1f5bbe3-9dff-58d8-ae6c-2edc1ea565d4","codename":"image_asset"},{"maximum_text_length":null,"name":"URL","guidelines":null,"is_required":false,"type":"text","external_id":"fcd03afc-5ccf-4e5e-a1e1-5d360e87f9f5","id":"171a0bf1-d922-58fd-a386-431624338bea","codename":"url"},{"mode":"single","options":[{"id":"bdaba67c-77d9-41aa-9982-f6b8c0167ae0","codename":"show","name":"Show"},{"id":"cca0ba3b-b224-4612-94dc-6d431c2a56aa","codename":"hide","name":"Hide"}],"name":"Border","guidelines":null,"is_required":false,"type":"multiple_choice","external_id":"72a96b6f-7646-4d68-9aa7-8a9b7461b789","id":"98f90dab-d31c-5f03-b4c8-bdf2a8584749","codename":"border"},{"mode":"single","options":[{"id":"5bf4b327-a4e1-459e-afe8-e9fd7475ddd5","codename":"true","name":"True"},{"id":"035229a1-6df3-4f57-a458-867744b8f159","codename":"false","name":"False"}],"name":"Zoomable","guidelines":null,"is_required":false,"type":"multiple_choice","external_id":"145e5511-d29b-4c95-8719-8f94f6155068","id":"388bd830-5e60-5366-bc17-e93607ddd024","codename":"zoomable"}]},{"id":"7b98da9b-612a-4e1f-a51f-4d5cb6c1d627","codename":"api_parameter","last_modified":"2019-06-09T08:24:27.301136Z","name":"API Parameter","content_groups":[],"elements":[{"item_count_limit":null,"allowed_content_types":[],"name":"Schema","guidelines":null,"is_required":false,"type":"modular_content","external_id":"2dcd0d85-8f7e-4afb-bd25-a66061173b7f","id":"15176717-dde5-569b-a76c-2a8322922e9c","codename":"schema"},{"maximum_text_length":null,"maximum_image_size":null,"allowed_content_types":[],"image_width_limit":null,"image_height_limit":null,"allowed_image_types":"any","allowed_blocks":[],"allowed_formatting":[],"allowed_text_blocks":[],"name":"Description","guidelines":null,"is_required":false,"type":"rich_text","external_id":"e519d641-0f1b-48c3-a6b7-409dfc0dc11d","id":"7e160bed-cdfc-5488-b239-55449147e971","codename":"description"},{"mode":"single","options":[{"id":"49201300-65d1-4f21-b70e-edfcf82383f1","codename":"query","name":"query"},{"id":"72e39ab6-16c0-4be6-916f-baf602dfafe6","codename":"header","name":"header"},{"id":"31ab6ac6-4178-4464-a061-6076367df8e1","codename":"path","name":"path"},{"id":"ee4960ca-c2af-4121-9ded-e5c516c40533","codename":"cookie","name":"cookie"}],"name":"In","guidelines":null,"is_required":false,"type":"multiple_choice","external_id":"ce28ea11-1866-4e67-8c36-4acf3a253173","id":"f83eebaa-515a-52fb-a6b7-534dc4f8e6e6","codename":"in"},{"mode":"single","options":[{"id":"e7861450-aefe-4843-976f-3d7ee3a7ca23","codename":"true","name":"true"}],"name":"Deprecated","guidelines":null,"is_required":false,"type":"multiple_choice","external_id":"ebef2ceb-483a-4c33-8e6c-0d8c7c0f5d12","id":"9f929f63-edea-5cd6-9d6c-e1c2a65befb7","codename":"deprecated"},{"maximum_text_length":null,"name":"Example","guidelines":null,"is_required":false,"type":"text","external_id":"52a4b139-01e2-46e4-9d1c-4ccb1d608d70","id":"cc73a68e-c79f-53c4-a1eb-6e56ccfda08f","codename":"example"},{"guidelines":null,"taxonomy_group":{"id":"fc26f006-2be4-4a74-9063-a1410f7cca4f"},"is_required":false,"type":"taxonomy","external_id":"cfe9be9d-917c-4671-a859-e243f628f02a","id":"631802a0-874f-5cee-91d0-c32bfd6f5ae2","codename":"api_reference"},{"mode":"single","options":[{"id":"8d7afb30-9bfd-45da-bbd0-ef2a6cb84902","codename":"matrix","name":"matrix"},{"id":"a5ecf2fe-11ae-442e-985c-b99684d2bf05","codename":"label","name":"label"},{"id":"db24ba3d-da3f-4d97-93f5-43589576d8d2","codename":"form","name":"form"},{"id":"2b9ebdd4-0c33-4fb7-8f5b-b637bd5278d9","codename":"simple","name":"simple"},{"id":"f9aedbd3-7c99-460a-aa18-3f0f7f1f11b6","codename":"spacedelimited","name":"spaceDelimited"},{"id":"b7568e38-f462-4cde-a6f7-5f862e8b177b","codename":"pipedelimited","name":"pipeDelimited"},{"id":"ce619efa-4d63-4fb5-98e5-5b987f0f89e5","codename":"deepobject","name":"deepObject"}],"name":"Style","guidelines":null,"is_required":false,"type":"multiple_choice","external_id":"4e1ced1d-bf13-4cb9-b089-104ea4a87c8f","id":"bd8bc0af-07fd-53cf-91a8-421ee45652b0","codename":"style"},{"mode":"single","options":[{"id":"33c2b5b7-b3ee-4c68-8d14-7432d2df7558","codename":"true","name":"true"}],"name":"Required","guidelines":null,"is_required":false,"type":"multiple_choice","external_id":"10f4d174-35e4-4a74-8548-c0382c1655e4","id":"d6aab14a-01c3-512e-b44d-8fb767593098","codename":"required"},{"maximum_text_length":null,"name":"Name","guidelines":null,"is_required":false,"type":"text","external_id":"fc98f452-6c86-43bb-b7c2-0e8d00f0f92a","id":"7e982db2-e29e-5866-957c-36c67b1e2593","codename":"name"},{"mode":"single","options":[{"id":"d2f2f073-4274-4268-99c2-784d6c2ec87e","codename":"true","name":"true"},{"id":"21297d73-e3f0-4da7-b47d-d04d8e92a6d1","codename":"false","name":"false"}],"name":"Explode","guidelines":null,"is_required":false,"type":"multiple_choice","external_id":"c9050606-186d-46c9-aa19-60abb98d29e4","id":"389beb8c-65ae-5cf4-a772-3f3e68de385b","codename":"explode"}]},{"id":"bcaff65c-8e79-44de-bc80-770a32a29fe9","codename":"api_contact","last_modified":"2019-06-09T08:23:22.0741944Z","name":"API Contact","content_groups":[],"elements":[{"guidelines":null,"taxonomy_group":{"id":"fc26f006-2be4-4a74-9063-a1410f7cca4f"},"is_required":false,"type":"taxonomy","external_id":"dfae417d-8b82-4454-9b4e-826c9d966ae2","id":"e3893a4d-cb28-5d3b-938d-627bf12f6d07","codename":"api_reference"},{"maximum_text_length":null,"name":"Email","guidelines":null,"is_required":false,"type":"text","external_id":"22bebe14-737e-4322-a44b-dc08945802ab","id":"a664c084-72e7-5d0e-bd42-2d5125c25e01","codename":"email"},{"maximum_text_length":null,"name":"Name","guidelines":null,"is_required":false,"type":"text","external_id":"25fdb7c2-e260-4358-ad5d-fd2035877ba2","id":"606055dc-2f95-5074-a5d7-d53634147843","codename":"name"},{"maximum_text_length":null,"name":"URL","guidelines":null,"is_required":false,"type":"text","external_id":"083b32d0-b604-496b-b8dc-5298082191e7","id":"b975b1a2-8368-5454-a0de-76f5bb832f37","codename":"url"}]},{"id":"396f29eb-c69a-47de-9836-083d1ee8603e","codename":"api_schema__array","last_modified":"2019-06-09T08:26:03.2659302Z","name":"API Schema: Array","content_groups":[],"elements":[{"maximum_text_length":null,"name":"Example","guidelines":null,"is_required":false,"type":"text","external_id":"f5a48b38-2156-4185-af90-4272aea5ca2a","id":"3cc758e6-2e32-5446-8087-38218da505fe","codename":"example"},{"maximum_text_length":null,"name":"Name","guidelines":null,"is_required":false,"type":"text","external_id":"aa1451a1-66c4-4556-ab0b-6492bde3b003","id":"98a15324-931c-5516-baae-3fbccff4fa17","codename":"name"},{"maximum_text_length":null,"maximum_image_size":null,"allowed_content_types":[],"image_width_limit":null,"image_height_limit":null,"allowed_image_types":"any","allowed_blocks":[],"allowed_formatting":[],"allowed_text_blocks":[],"name":"Items","guidelines":null,"is_required":false,"type":"rich_text","external_id":"fbf9837c-5943-43ea-837e-a8df08afa8c1","id":"0ef1d1f0-d997-5872-829c-7e47242b8329","codename":"items"},{"maximum_text_length":null,"maximum_image_size":null,"allowed_content_types":[],"image_width_limit":null,"image_height_limit":null,"allowed_image_types":"any","allowed_blocks":[],"allowed_formatting":[],"allowed_text_blocks":[],"name":"Description","guidelines":null,"is_required":false,"type":"rich_text","external_id":"09203c33-430d-4c88-81a9-f558abfd98e4","id":"fae93236-17cc-5df3-b6da-bd0398fb7608","codename":"description"},{"mode":"single","options":[{"id":"ac5c44a1-ddbb-4fb5-90a4-c4e9a8efa78d","codename":"true","name":"true"}],"name":"UniqueItems","guidelines":null,"is_required":false,"type":"multiple_choice","external_id":"2fe5d2b4-c955-4ec3-b085-fb09128d9610","id":"32294d67-77c1-57af-9f75-6769acc50919","codename":"uniqueitems"}]},{"id":"d9cba356-6115-4303-b66f-d2a41ab54bc1","codename":"api_path","last_modified":"2019-06-09T08:24:39.2067055Z","name":"API Path","content_groups":[],"elements":[{"maximum_text_length":null,"name":"Path","guidelines":null,"is_required":false,"type":"text","external_id":"3e7c0d4f-9ffd-4e94-aa72-9a5315f4da76","id":"9e778938-0905-5cbe-b7aa-1f3236ba1c2e","codename":"path"},{"guidelines":null,"taxonomy_group":{"id":"fc26f006-2be4-4a74-9063-a1410f7cca4f"},"is_required":false,"type":"taxonomy","external_id":"8b0f66d2-a910-4e93-85b6-56ab60fadece","id":"0aee81d9-7477-5176-87c2-80d813397f67","codename":"api_reference"},{"item_count_limit":null,"allowed_content_types":[],"name":"Path operations","guidelines":null,"is_required":false,"type":"modular_content","external_id":"d481723b-874f-4e4a-8f93-68848cca0fbc","id":"c270fdaa-301d-5db8-9b93-6d1a074022b2","codename":"path_operations"}]},{"id":"011e3764-d99f-491d-a043-33290b93f21b","codename":"code_samples","last_modified":"2019-06-09T08:22:27.2080439Z","name":"Code samples","content_groups":[],"elements":[{"item_count_limit":null,"allowed_content_types":[],"name":"Codes","guidelines":null,"is_required":false,"type":"modular_content","external_id":"04e3c4ab-f9dc-4ac7-bd42-7723b4d4cb68","id":"b62af8ef-ae2d-5e67-94d5-9d710fe72a20","codename":"codes"}]},{"id":"43e15e2b-17d4-4e6c-aae2-7600f2e21181","codename":"api_discriminator__map_item","last_modified":"2019-06-09T08:23:37.9519662Z","name":"API Discriminator: Map item","content_groups":[],"elements":[{"item_count_limit":null,"allowed_content_types":[],"name":"Schema","guidelines":null,"is_required":false,"type":"modular_content","external_id":"9a6a255f-9791-4899-843c-9b71e6884fa7","id":"7ef01322-b813-5581-bcec-c577ea83d86f","codename":"schema"},{"maximum_text_length":null,"name":"Discriminator value","guidelines":null,"is_required":false,"type":"text","external_id":"12117aed-ba68-4290-a7a3-798cd5724a75","id":"4367a330-0eec-54e1-b7f8-6bde0bf1d559","codename":"discriminator_value"}]},{"id":"a859cfe6-56d0-4762-a91d-f20b900b6b10","codename":"code_sample","last_modified":"2019-06-07T13:02:03.8639759Z","name":"Code sample","content_groups":[],"elements":[{"guidelines":"","taxonomy_group":{"id":"d9005570-77ba-4013-8828-f9621bc97da6"},"is_required":false,"type":"taxonomy","external_id":"059c8b77-a9e0-4743-a848-cce092770ded","id":"99f94d38-e556-5417-adad-7675ce7408e6","codename":"programming_language"},{"maximum_text_length":null,"name":"Code","guidelines":"","is_required":false,"type":"text","external_id":"cde44e38-98eb-45e6-82eb-055cfadde1c2","id":"233ac6f0-52ef-538f-9609-d8a2b0d23098","codename":"code"},{"guidelines":"","taxonomy_group":{"id":"8982fae8-0af0-4246-8c6d-bd003801cabd"},"is_required":false,"type":"taxonomy","external_id":"60718af0-1a5c-4d49-a355-2840695bdea1","id":"de5a8c46-5543-51ca-8cce-d61c1ac0fd72","codename":"platform"}]},{"id":"85ed4fb1-5429-4951-bcc9-8fc2444ed5f9","codename":"api_schema__integer","last_modified":"2019-06-09T08:26:26.2182471Z","name":"API Schema: Integer","content_groups":[],"elements":[{"maximum_text_length":null,"name":"Format","guidelines":null,"is_required":false,"type":"text","external_id":"710dfcb4-8652-488f-9682-9f5ee7a9d902","id":"55cac0ca-8a47-5616-a7c3-d4e40eb1ba2b","codename":"format"},{"mode":"single","options":[{"id":"aa0ccad5-06cf-465b-bde6-b1063016cb3b","codename":"true","name":"true"}],"name":"ReadOnly","guidelines":null,"is_required":false,"type":"multiple_choice","external_id":"4bdc1971-ec46-48a9-8b27-caa11d5b8b8b","id":"10d10287-11d7-5c22-8074-2bddea86f9f8","codename":"readonly"},{"maximum_text_length":null,"name":"Example","guidelines":null,"is_required":false,"type":"text","external_id":"a5c1bf08-d53a-413d-ad30-3ccdf821fc05","id":"de755d97-17cb-5c98-a7e8-3fdadaf7897e","codename":"example"},{"maximum_text_length":null,"name":"Name","guidelines":null,"is_required":false,"type":"text","external_id":"f614b97f-7b65-48d7-978d-6bd379b29a68","id":"85c4ea46-875c-57ca-8f00-0cd59f486e99","codename":"name"},{"name":"Maximum","guidelines":null,"is_required":false,"type":"number","external_id":"aadb8e40-935e-43c7-b4e5-4ef7562b8229","id":"fc0a4a93-a8d7-5341-9e94-2bdb01b58fd7","codename":"maximum"},{"maximum_text_length":null,"name":"Accepted values","guidelines":null,"is_required":false,"type":"text","external_id":"87026a51-d776-4ec6-9447-781e32c1e93d","id":"e0fbc03c-878d-548b-be6f-276c56ea5ecf","codename":"accepted_values"},{"mode":"single","options":[{"id":"ca8d76fc-cd8c-42ca-a550-d623fa8b6d07","codename":"true","name":"true"}],"name":"WriteOnly","guidelines":null,"is_required":false,"type":"multiple_choice","external_id":"1a01f57e-5475-4efe-b3fb-2c5e91bcecbd","id":"8e7db24b-9eee-5b8d-bfce-9a080bbfec6b","codename":"writeonly"},{"name":"Default","guidelines":null,"is_required":false,"type":"number","external_id":"6f3e9268-6f2f-4301-a172-06e4ebf9e74f","id":"e935cb1f-a83d-5c15-893d-63e49c81942d","codename":"default"},{"maximum_text_length":null,"maximum_image_size":null,"allowed_content_types":[],"image_width_limit":null,"image_height_limit":null,"allowed_image_types":"any","allowed_blocks":[],"allowed_formatting":[],"allowed_text_blocks":[],"name":"Description","guidelines":null,"is_required":false,"type":"rich_text","external_id":"f23cfba6-56a5-4b43-ad2a-14145995b6e5","id":"4e210292-1667-5ac5-9a6b-d05005faad0f","codename":"description"},{"mode":"single","options":[{"id":"d5ede21f-424f-47ad-9439-4e0a5b1ff1e3","codename":"true","name":"true"}],"name":"Nullable","guidelines":null,"is_required":false,"type":"multiple_choice","external_id":"5c70952f-bd55-4f6e-a723-69e6b6e0dd4d","id":"56fe0300-f703-54ab-b290-edba650b8118","codename":"nullable"},{"name":"Minimum","guidelines":null,"is_required":false,"type":"number","external_id":"ad065421-c0c3-4104-bed8-fa455c7c4bfb","id":"1b53e974-e3ee-572c-82b9-6c707a52c509","codename":"minimum"}]},{"id":"7482395b-0efc-4826-8516-ddf83b8087ad","codename":"api_schema__boolean","last_modified":"2019-06-09T08:26:18.2325048Z","name":"API Schema: Boolean","content_groups":[],"elements":[{"mode":"single","options":[{"id":"1c4bb309-9111-4bd4-9c5b-87711c966a58","codename":"true","name":"true"}],"name":"ReadOnly","guidelines":null,"is_required":false,"type":"multiple_choice","external_id":"1a565180-c43d-4002-bb7d-03923caa3f7e","id":"56275294-f518-5dfe-bd05-6231f9a47b6d","codename":"readonly"},{"maximum_text_length":null,"name":"Example","guidelines":null,"is_required":false,"type":"text","external_id":"689d90c9-d8fb-410f-9d9e-0858d0db4ad8","id":"d0239962-f0fd-5bc5-9ce2-4cae479164d3","codename":"example"},{"maximum_text_length":null,"name":"Name","guidelines":null,"is_required":false,"type":"text","external_id":"cc609525-0025-4bd7-b068-d4de30b276f4","id":"088d0d28-6ed7-5167-b870-c7135c471197","codename":"name"},{"mode":"single","options":[{"id":"b4c893e9-1a7d-457d-9e5a-67d2e9ddb1a5","codename":"true","name":"true"}],"name":"WriteOnly","guidelines":null,"is_required":false,"type":"multiple_choice","external_id":"8138f6b5-e20b-45ba-9e17-bada47a1bfc0","id":"b9588a79-d166-55d9-ab2a-5772e8ee9962","codename":"writeonly"},{"maximum_text_length":null,"maximum_image_size":null,"allowed_content_types":[],"image_width_limit":null,"image_height_limit":null,"allowed_image_types":"any","allowed_blocks":[],"allowed_formatting":[],"allowed_text_blocks":[],"name":"Description","guidelines":null,"is_required":false,"type":"rich_text","external_id":"a6488722-3e75-4a37-8aa5-3bc4f87fb978","id":"7e4ab49f-3b78-5c9d-8abb-1bde1ff96684","codename":"description"},{"mode":"single","options":[{"id":"f4a86a93-8d13-4506-9d8d-9d807aa9501e","codename":"true","name":"true"}],"name":"Nullable","guidelines":null,"is_required":false,"type":"multiple_choice","external_id":"1daf9529-05a8-43cc-9cbe-2e12aea80102","id":"de1b757e-2930-56a3-ad85-04c5f3bee7ac","codename":"nullable"}]},{"id":"c31e40b4-9ead-4279-9c60-c1e7c2f60bf6","codename":"api_response_content","last_modified":"2019-06-09T08:25:50.1301105Z","name":"API Response content","content_groups":[],"elements":[{"maximum_text_length":null,"name":"Content type","guidelines":null,"is_required":false,"type":"text","external_id":"4f5f2263-b7fc-409f-b3aa-23a37cf5630c","id":"da27a392-d15e-5faa-982a-72e6c7cd0e90","codename":"content_type"},{"maximum_text_length":null,"name":"Example","guidelines":null,"is_required":false,"type":"text","external_id":"e1c01b2c-6f47-4b10-8871-d2d65b72fc78","id":"1900d11f-6594-5f3d-8e52-c12b5f23ec20","codename":"example"},{"maximum_text_length":null,"maximum_image_size":null,"allowed_content_types":[],"image_width_limit":null,"image_height_limit":null,"allowed_image_types":"any","allowed_blocks":[],"allowed_formatting":[],"allowed_text_blocks":[],"name":"Schema","guidelines":null,"is_required":false,"type":"rich_text","external_id":"19c65908-bb35-47b3-a5a5-de4781ea1c14","id":"a2a64fc8-a19f-52dc-8238-160348a204ee","codename":"schema"}]},{"id":"0ae1b8c6-350f-48ca-8dd1-419f99d0c484","codename":"api_discriminator","last_modified":"2019-06-09T08:23:31.8452122Z","name":"API Discriminator","content_groups":[],"elements":[{"maximum_text_length":null,"maximum_image_size":null,"allowed_content_types":[],"image_width_limit":null,"image_height_limit":null,"allowed_image_types":"any","allowed_blocks":[],"allowed_formatting":[],"allowed_text_blocks":[],"name":"Mapping","guidelines":null,"is_required":false,"type":"rich_text","external_id":"88243c9f-9299-44d5-8cd2-7d771abc9abf","id":"9a3cd224-f765-5bf2-8008-1681b1acf938","codename":"mapping"},{"maximum_text_length":null,"name":"Property name","guidelines":null,"is_required":false,"type":"text","external_id":"b78089e1-1b51-486c-b253-ebd5addff623","id":"c2f8b192-7c30-531b-b763-a25f9d25cb14","codename":"property_name"}]},{"id":"4461c0d9-c7ee-424b-aeef-e180ff9b0bb9","codename":"api_server","last_modified":"2019-06-09T08:27:48.2333279Z","name":"API Server","content_groups":[],"elements":[{"maximum_text_length":null,"name":"Description","guidelines":null,"is_required":false,"type":"text","external_id":"42228b29-5b71-4841-b7f9-de647521e324","id":"e50ef588-506e-5339-b198-03a70fd0973b","codename":"description"},{"maximum_text_length":null,"name":"URL","guidelines":null,"is_required":false,"type":"text","external_id":"cc4f9fb1-595c-4b7f-8b09-803137d36afc","id":"a0f99fe5-8c9d-56d3-bbd9-ebdd36e0343e","codename":"url"}]},{"id":"972f3102-74f3-470a-83d6-00e189c0e32a","codename":"api_request_body","last_modified":"2019-06-09T08:25:11.874677Z","name":"API Request body","content_groups":[],"elements":[{"mode":"single","options":[{"id":"a42fbaab-2684-48f2-b03d-c25ed739df5f","codename":"true","name":"true"}],"name":"Required","guidelines":null,"is_required":false,"type":"multiple_choice","external_id":"86f127c4-b3a8-4921-95a6-528734c75938","id":"7f459a74-1d77-5732-b138-9d75a6bc4a60","codename":"required"},{"maximum_text_length":null,"maximum_image_size":null,"allowed_content_types":[],"image_width_limit":null,"image_height_limit":null,"allowed_image_types":"any","allowed_blocks":[],"allowed_formatting":[],"allowed_text_blocks":[],"name":"Schema","guidelines":null,"is_required":false,"type":"rich_text","external_id":"55b7fd54-860f-4210-9f58-8494c367a7a5","id":"d0e59c40-5020-5ec0-a5c9-3649164e9d6c","codename":"schema"},{"maximum_text_length":null,"name":"Example","guidelines":null,"is_required":false,"type":"text","external_id":"abed40d6-8e00-456f-aa91-c0b05ac83f07","id":"ba7d0da5-5b19-5b66-8563-b07c71452ab8","codename":"example"},{"maximum_text_length":null,"maximum_image_size":null,"allowed_content_types":[],"image_width_limit":null,"image_height_limit":null,"allowed_image_types":"any","allowed_blocks":[],"allowed_formatting":[],"allowed_text_blocks":[],"name":"Description","guidelines":null,"is_required":false,"type":"rich_text","external_id":"22f397ef-7f37-46dd-8fe0-0806cfe4b0ae","id":"bcdf92ed-3b58-5384-b5f9-c7caf82e051d","codename":"description"},{"maximum_text_length":null,"name":"Content type","guidelines":null,"is_required":false,"type":"text","external_id":"6b80ccd6-949a-4036-9dad-72c80f03484e","id":"50d426af-be07-5bc8-a8ec-9884f9128885","codename":"content_type"}]},{"id":"5c82a898-c71c-4749-af86-d86f44db2e9d","codename":"api_path_operation","last_modified":"2019-06-09T08:24:51.8059203Z","name":"API Path operation","content_groups":[],"elements":[{"item_count_limit":null,"allowed_content_types":[],"name":"Parameters","guidelines":null,"is_required":false,"type":"modular_content","external_id":"c7ff44f7-b03d-4081-be83-3476f341124c","id":"432e2825-25e2-5e57-9910-889168d488e8","codename":"parameters"},{"maximum_text_length":null,"maximum_image_size":null,"allowed_content_types":[],"image_width_limit":null,"image_height_limit":null,"allowed_image_types":"any","allowed_blocks":[],"allowed_formatting":[],"allowed_text_blocks":[],"name":"Description","guidelines":null,"is_required":false,"type":"rich_text","external_id":"c40aecc9-c6eb-458a-baa6-26af5f973100","id":"6468ab8d-1180-5edd-b2dc-bd60f52137df","codename":"description"},{"maximum_text_length":null,"name":"Summary","guidelines":null,"is_required":false,"type":"text","external_id":"1a75930e-6448-429c-a795-0013bb838e91","id":"168a5cb5-1598-584e-bc2d-d2a1ef2092ff","codename":"summary"},{"maximum_text_length":null,"maximum_image_size":null,"allowed_content_types":[],"image_width_limit":null,"image_height_limit":null,"allowed_image_types":"any","allowed_blocks":[],"allowed_formatting":[],"allowed_text_blocks":[],"name":"Request body","guidelines":null,"is_required":false,"type":"rich_text","external_id":"13eb636d-c001-4e72-9e35-f9a80baa39d7","id":"0ba95720-59ba-5bf2-b3c0-1e7fed4f2118","codename":"request_body"},{"mode":"single","options":[{"id":"7e28432a-e839-42aa-a579-55d4462e8a22","codename":"true","name":"true"}],"name":"Deprecated","guidelines":null,"is_required":false,"type":"multiple_choice","external_id":"02c06b20-9797-4007-8804-13a35c522f84","id":"1e235feb-2cf6-52b5-82eb-87d8beeb45bb","codename":"deprecated"},{"maximum_text_length":null,"maximum_image_size":null,"allowed_content_types":[],"image_width_limit":null,"image_height_limit":null,"allowed_image_types":"any","allowed_blocks":[],"allowed_formatting":[],"allowed_text_blocks":[],"name":"Responses","guidelines":null,"is_required":false,"type":"rich_text","external_id":"c57e3d92-df3f-44d0-9289-37f27203999c","id":"f8a4fccc-daa3-56b1-8e14-ed0974747bbf","codename":"responses"},{"depends_on":{"element":{"id":"168a5cb5-1598-584e-bc2d-d2a1ef2092ff"}},"name":"URL","guidelines":null,"is_required":false,"type":"url_slug","external_id":"0269cfb6-3864-4caa-8ed9-9394ce470def","id":"a56437de-a553-5fbf-b001-c6b1c4cbcdb6","codename":"url"},{"item_count_limit":null,"allowed_content_types":[],"name":"Category","guidelines":null,"is_required":false,"type":"modular_content","external_id":"8de52b87-82d0-42f0-a479-ebd870ccf3df","id":"e05f7d2d-5d01-56b0-96a9-de255d95742c","codename":"category"},{"guidelines":null,"taxonomy_group":{"id":"846dd21e-f2b4-4aea-a9a6-70e74fc4126d"},"is_required":false,"type":"taxonomy","external_id":"6f7f91e8-87b6-488b-86bd-17367789ec51","id":"9c6e51b3-e71e-599d-b454-fc06f5050fb5","codename":"path_operation"},{"item_count_limit":null,"allowed_content_types":[],"name":"Code samples","guidelines":null,"is_required":false,"type":"modular_content","external_id":"f70cd2e0-b085-4564-838b-6128497849b5","id":"2d721d38-c00e-5046-8f17-e6e0fed1fa76","codename":"code_samples"},{"guidelines":null,"taxonomy_group":{"id":"fc26f006-2be4-4a74-9063-a1410f7cca4f"},"is_required":false,"type":"taxonomy","external_id":"c3fb27ab-9f9b-4504-9416-3be84471402b","id":"40aa320e-47c5-59f0-961e-2c4cd3a2c32f","codename":"api_reference"}]},{"id":"fa8d7fe1-ff3a-4b41-af78-767bac792088","codename":"api_schema__object","last_modified":"2019-06-09T08:26:37.1583369Z","name":"API Schema: Object","content_groups":[],"elements":[{"maximum_text_length":null,"name":"Example","guidelines":null,"is_required":false,"type":"text","external_id":"165e950b-809b-42a7-90e2-3dda3f7e3d32","id":"63fe6158-4cd7-5a46-8f2b-72e10bd84c8f","codename":"example"},{"maximum_text_length":null,"name":"Name","guidelines":null,"is_required":false,"type":"text","external_id":"68d5d6b8-df06-4ab5-a737-3f86a2749ee5","id":"3fa3a3f4-3249-5d6d-853e-106112f635a9","codename":"name"},{"maximum_text_length":null,"name":"Required","guidelines":null,"is_required":false,"type":"text","external_id":"7d456cfe-b937-429e-b0a3-a43dff8182c6","id":"e4f69607-bea8-503d-b432-5533b4784fe5","codename":"required"},{"maximum_text_length":null,"maximum_image_size":null,"allowed_content_types":[],"image_width_limit":null,"image_height_limit":null,"allowed_image_types":"any","allowed_blocks":[],"allowed_formatting":[],"allowed_text_blocks":[],"name":"Properties","guidelines":null,"is_required":false,"type":"rich_text","external_id":"540a40a1-499a-4c99-9eae-6cef95479843","id":"6e89996e-8973-5e82-b0d8-e5f335c6d5fc","codename":"properties"},{"maximum_text_length":null,"maximum_image_size":null,"allowed_content_types":[],"image_width_limit":null,"image_height_limit":null,"allowed_image_types":"any","allowed_blocks":[],"allowed_formatting":[],"allowed_text_blocks":[],"name":"Description","guidelines":null,"is_required":false,"type":"rich_text","external_id":"5b45ff20-7b29-4fa7-b410-cd15bde6fbbf","id":"ee90f45e-9c6c-5471-8852-9e098a3e8d79","codename":"description"},{"item_count_limit":null,"allowed_content_types":[],"name":"AdditionalProperties","guidelines":null,"is_required":false,"type":"modular_content","external_id":"d7c8a087-6696-443a-a797-daf39ba26f9d","id":"6db3942a-096d-572d-8627-3a6c9623ed6d","codename":"additionalproperties"},{"guidelines":null,"taxonomy_group":{"id":"fc26f006-2be4-4a74-9063-a1410f7cca4f"},"is_required":false,"type":"taxonomy","external_id":"dcc08c3b-a7b6-4ba2-9c96-de9de19bac8f","id":"d7548bbf-9f6e-5920-b6ab-d064e2cf615c","codename":"api_reference"}]},{"id":"1b5b4d8f-e381-4b6d-b2a3-0353969fd8e6","codename":"api_specification","last_modified":"2019-06-09T08:27:55.2026981Z","name":"API specification","content_groups":[],"elements":[{"maximum_text_length":null,"name":"Terms of Service","guidelines":null,"is_required":false,"type":"text","external_id":"536eea3a-5614-4331-b70d-e506a361ea20","id":"7b2c3f6e-c07b-56f4-97a0-8c6be534b5d3","codename":"terms_of_service"},{"depends_on":{"element":{"id":"7b2c3f6e-c07b-56f4-97a0-8c6be534b5d3"}},"name":"URL","guidelines":null,"is_required":false,"type":"url_slug","external_id":"2f2587bf-6817-40de-ad3a-9416cdbce67e","id":"c8008d8f-e220-5202-95b4-216e91ef42a0","codename":"url"},{"item_count_limit":null,"allowed_content_types":[],"name":"License","guidelines":null,"is_required":false,"type":"modular_content","external_id":"2399731e-1295-4881-8110-a21ee82aad18","id":"01121f3c-9b41-5633-9227-4ea4ba7beec8","codename":"license"},{"maximum_text_length":null,"maximum_image_size":null,"allowed_content_types":[],"image_width_limit":null,"image_height_limit":null,"allowed_image_types":"any","allowed_blocks":[],"allowed_formatting":[],"allowed_text_blocks":[],"name":"Description","guidelines":null,"is_required":false,"type":"rich_text","external_id":"a080db6d-4be1-4644-adf4-c3ac7962dc3c","id":"242c2e55-4248-551a-8061-e84543e3ef09","codename":"description"},{"item_count_limit":null,"allowed_content_types":[],"name":"Categories","guidelines":null,"is_required":false,"type":"modular_content","external_id":"43d6f2fb-04a5-4c9d-9919-683e13c0abbb","id":"ff37f5e2-216d-5412-8562-9ba6929f7711","codename":"categories"},{"guidelines":null,"taxonomy_group":{"id":"fc26f006-2be4-4a74-9063-a1410f7cca4f"},"is_required":false,"type":"taxonomy","external_id":"2c3190f6-78f6-4a16-9bc0-91afd9b23793","id":"77e01692-f86a-59dd-8f5b-ddf69129cbe9","codename":"api_reference"},{"item_count_limit":null,"allowed_content_types":[],"name":"Security","guidelines":null,"is_required":false,"type":"modular_content","external_id":"03c5921c-d075-44c7-a5e8-6248ab8041a2","id":"09cb44a7-ae06-59cf-b9f6-51d29efdd818","codename":"security"},{"maximum_text_length":null,"maximum_image_size":null,"allowed_content_types":[],"image_width_limit":null,"image_height_limit":null,"allowed_image_types":"any","allowed_blocks":[],"allowed_formatting":[],"allowed_text_blocks":[],"name":"Servers","guidelines":null,"is_required":false,"type":"rich_text","external_id":"e209dd4b-e6dc-46af-ae5e-c272fd7156d1","id":"0ab26a4d-a67c-58bb-b729-9362f0ed5a41","codename":"servers"},{"maximum_text_length":null,"name":"Title","guidelines":null,"is_required":false,"type":"text","external_id":"5c659586-1dc1-46f9-8b01-007a7e17a257","id":"58923f13-707a-585c-b1eb-26ebdca0394d","codename":"title"},{"item_count_limit":null,"allowed_content_types":[],"name":"Paths","guidelines":null,"is_required":false,"type":"modular_content","external_id":"659af720-ba3a-46ff-ae19-888a4ac5b224","id":"7ba11d75-f862-50c5-a659-4bd8b7fa7780","codename":"paths"},{"item_count_limit":null,"allowed_content_types":[],"name":"Contact","guidelines":null,"is_required":false,"type":"modular_content","external_id":"9e05b4b8-91c5-4f6f-8ac6-2ab89aa17cd1","id":"fbceb4d3-b68b-573c-a8a6-bb7eb840438d","codename":"contact"},{"guidelines":null,"taxonomy_group":{"id":"2d4abf3c-31e8-4353-ae9c-e68204a59640"},"is_required":false,"type":"taxonomy","external_id":"02af231e-1233-441b-9c55-54647f49b84b","id":"68f9fd41-dbc6-51a4-9044-a8cd0b7a3b4a","codename":"feature_release_status"},{"maximum_text_length":null,"name":"Version","guidelines":null,"is_required":false,"type":"text","external_id":"097fc95f-9e23-4c08-aa8b-1f8f030775a1","id":"d107ebd2-79f4-5c87-9a40-aa8a6fbe6cd3","codename":"version"}]},{"id":"62ec8940-8f55-4e48-9d35-d886e7e58147","codename":"api_schema__allof","last_modified":"2019-06-09T08:25:56.251442Z","name":"API Schema: allOf","content_groups":[],"elements":[{"maximum_text_length":null,"name":"Example","guidelines":null,"is_required":false,"type":"text","external_id":"d34033c5-a1ec-4b05-8189-1f2dc9496695","id":"d2697dc1-e189-54a0-a713-d294ce2f5798","codename":"example"},{"maximum_text_length":null,"name":"Name","guidelines":null,"is_required":false,"type":"text","external_id":"b3483ca9-bdea-472e-96fe-86709b525c32","id":"7e7dca66-f063-5406-b678-dd3cf59ad577","codename":"name"},{"maximum_text_length":null,"maximum_image_size":null,"allowed_content_types":[],"image_width_limit":null,"image_height_limit":null,"allowed_image_types":"any","allowed_blocks":[],"allowed_formatting":[],"allowed_text_blocks":[],"name":"Description","guidelines":null,"is_required":false,"type":"rich_text","external_id":"f911d41d-58c3-4a00-9eae-c3f736a6d4a9","id":"3f7db1ac-2987-59b2-b6e0-9d1e00d65160","codename":"description"},{"maximum_text_length":null,"maximum_image_size":null,"allowed_content_types":[],"image_width_limit":null,"image_height_limit":null,"allowed_image_types":"any","allowed_blocks":[],"allowed_formatting":[],"allowed_text_blocks":[],"name":"Schemas","guidelines":null,"is_required":false,"type":"rich_text","external_id":"56db2448-39a2-4b29-ad53-c308cbc03aaa","id":"c8649aa6-35c1-50b4-b3d1-207624a30fd6","codename":"schemas"}]},{"id":"a7e32611-6ca7-49d9-8fdf-080c1cfc9823","codename":"api_category","last_modified":"2019-06-09T08:23:12.1521621Z","name":"API Category","content_groups":[],"elements":[{"guidelines":null,"taxonomy_group":{"id":"fc26f006-2be4-4a74-9063-a1410f7cca4f"},"is_required":false,"type":"taxonomy","external_id":"69615287-296e-4d96-939e-038c07f41020","id":"c505ae81-2482-5ede-a34a-86e2023c9176","codename":"api_reference"},{"depends_on":{"element":{"id":"f3692305-eb19-57e2-ad24-eccd3f21737b"}},"name":"URL","guidelines":null,"is_required":false,"type":"url_slug","external_id":"5bf4866c-5770-4d39-82f0-a6f0e05d282e","id":"3f05cbf3-be86-5f84-9bcb-758e0124c2f4","codename":"url"},{"maximum_text_length":null,"maximum_image_size":null,"allowed_content_types":[],"image_width_limit":null,"image_height_limit":null,"allowed_image_types":"any","allowed_blocks":[],"allowed_formatting":[],"allowed_text_blocks":[],"name":"Description","guidelines":null,"is_required":false,"type":"rich_text","external_id":"7299b23d-dd73-47d4-afce-eeb2372b8422","id":"7a6d8ff6-718c-5807-aec4-5d97997dbf1f","codename":"description"},{"maximum_text_length":null,"name":"Name","guidelines":null,"is_required":false,"type":"text","external_id":"4e978d15-b9bc-4c21-87bb-8d145aef183f","id":"f3692305-eb19-57e2-ad24-eccd3f21737b","codename":"name"}]},{"id":"0ab2ba07-699c-4be5-a545-1d5b70c37c21","codename":"api_security_scheme","last_modified":"2019-06-09T08:27:19.2420424Z","name":"API Security scheme","content_groups":[],"elements":[{"guidelines":null,"taxonomy_group":{"id":"fc26f006-2be4-4a74-9063-a1410f7cca4f"},"is_required":false,"type":"taxonomy","external_id":"a3d193cb-42c3-41c8-bdd9-8eb0a6bfa3cc","id":"e7715419-b1c8-5111-af66-dddf5d8dcff3","codename":"api_reference"},{"mode":"single","options":[{"id":"7e38205f-5dcd-4405-85c4-4972c0544bea","codename":"apikey","name":"apiKey"},{"id":"9687881a-87d9-4bbf-87c3-8424c7e3e2cf","codename":"http","name":"http"},{"id":"6d110849-f7a8-449f-ac16-6ea9e08f5996","codename":"oauth2","name":"oauth2"},{"id":"4e73134c-718c-4114-8324-bebe0f400ee3","codename":"openidconnect","name":"openIdConnect"}],"name":"Type","guidelines":null,"is_required":false,"type":"multiple_choice","external_id":"f256cf06-1c0f-4762-9713-f334a1b60a90","id":"833c9d36-8ad3-53df-be4b-29315c88074e","codename":"type"},{"maximum_text_length":null,"name":"Scheme","guidelines":null,"is_required":false,"type":"text","external_id":"7e156f30-e53e-4e6e-9822-f489ac354eb7","id":"20f32005-59f9-51d6-83a1-7674d42f3282","codename":"scheme"},{"maximum_text_length":null,"name":"BearerFormat","guidelines":null,"is_required":false,"type":"text","external_id":"cc325967-6ab9-43bf-a580-10cd5cee91c4","id":"d0254bd6-c74e-5792-babc-d4a6208e2e80","codename":"bearerformat"},{"maximum_text_length":null,"name":"Scheme name","guidelines":null,"is_required":false,"type":"text","external_id":"b3139b76-6a08-41a5-a676-63bc597c26ae","id":"279806a1-8f05-5469-8a61-79dc1b00149c","codename":"scheme_name"},{"maximum_text_length":null,"name":"Name","guidelines":null,"is_required":false,"type":"text","external_id":"f304162b-a1e2-4aaf-aca3-c15eaaa49142","id":"8bb8df95-2ec0-534c-bcc1-a54f4f4a4b91","codename":"name"},{"mode":"single","options":[{"id":"e0bf48e6-cbac-4df7-90b9-e5e85d474122","codename":"query","name":"query"},{"id":"8dcb3fbe-5385-4b38-9fdc-a4174455dd57","codename":"header","name":"header"},{"id":"f48ebbd2-0f18-4249-a247-07833edd976b","codename":"cookie","name":"cookie"}],"name":"In","guidelines":null,"is_required":false,"type":"multiple_choice","external_id":"50739481-d4b1-4813-83c9-08e46a59b8fc","id":"b9e31a41-5b1b-5a74-9660-08241a0b978e","codename":"in"},{"maximum_text_length":null,"maximum_image_size":null,"allowed_content_types":[],"image_width_limit":null,"image_height_limit":null,"allowed_image_types":"any","allowed_blocks":[],"allowed_formatting":[],"allowed_text_blocks":[],"name":"Description","guidelines":null,"is_required":false,"type":"rich_text","external_id":"c081e6b1-7396-4eb6-9da0-0cdce2d9011c","id":"910e89bb-1165-59f6-b46d-365595be19f1","codename":"description"}]},{"id":"ada36a81-ace0-470c-b232-cb57c1116db7","codename":"api_property_referencing_a_schema","last_modified":"2019-06-09T08:25:00.8056557Z","name":"API Property referencing a schema","content_groups":[],"elements":[{"item_count_limit":null,"allowed_content_types":[],"name":"Schema","guidelines":null,"is_required":false,"type":"modular_content","external_id":"da5c0d9a-bd94-4992-b96f-7e7b5c84d655","id":"6a846254-4b93-59dc-9a71-22c7ce61402d","codename":"schema"},{"maximum_text_length":null,"name":"Name","guidelines":null,"is_required":false,"type":"text","external_id":"23599d68-6ed6-4cf6-8a39-e00a8cb0065d","id":"2a281b48-74ee-5a58-9b3c-ce8aee7d6329","codename":"name"}]},{"id":"761f0787-456a-4d84-ba8d-6f6396467527","codename":"api_license","last_modified":"2019-06-09T08:24:02.1808423Z","name":"API License","content_groups":[],"elements":[{"maximum_text_length":null,"name":"URL","guidelines":null,"is_required":false,"type":"text","external_id":"10b2c968-9e81-4302-8550-7a5af9825c56","id":"53a5984f-dff9-5b4e-b5b4-e18b0987db8e","codename":"url"},{"maximum_text_length":null,"name":"Name","guidelines":null,"is_required":false,"type":"text","external_id":"deabce99-599c-4376-922b-5a596b09ad35","id":"8dd4aa4e-01a8-5ea7-85ef-ff8220af8c7c","codename":"name"},{"guidelines":null,"taxonomy_group":{"id":"fc26f006-2be4-4a74-9063-a1410f7cca4f"},"is_required":false,"type":"taxonomy","external_id":"02c4cf1d-bf13-4016-a748-ebf8fd4b74b5","id":"0a16166c-db5f-51c7-8f5a-4e807774b4e8","codename":"api_reference"}]},{"id":"d4165a70-bb20-4474-8552-2b126df0917c","codename":"api_schema__string","last_modified":"2019-06-09T08:27:02.7460331Z","name":"API Schema: String","content_groups":[],"elements":[{"maximum_text_length":null,"name":"Accepted values","guidelines":null,"is_required":false,"type":"text","external_id":"e0c17207-83dc-4dd1-aa61-95a3cc504765","id":"d49499c0-53d9-5498-9714-0d34bdabe265","codename":"accepted_values"},{"name":"MaxLength","guidelines":null,"is_required":false,"type":"number","external_id":"7d86d019-d824-4514-a3b1-c5e1ca948b27","id":"d9e95d57-7015-5b4f-b847-3b766c3c1a3c","codename":"maxlength"},{"mode":"single","options":[{"id":"eb3d66ba-6084-46c7-9b33-a7190eb4a4d1","codename":"true","name":"true"}],"name":"ReadOnly","guidelines":null,"is_required":false,"type":"multiple_choice","external_id":"8429474c-d794-451e-96e5-9d4548e2c62e","id":"6106dc8b-c9e3-5a8b-bd33-29ff3b043e69","codename":"readonly"},{"maximum_text_length":null,"name":"Example","guidelines":null,"is_required":false,"type":"text","external_id":"fcc53715-e196-430d-9d3a-7a8575cd6807","id":"0cae646c-3eaf-56c3-8e6f-7d8f91f31e76","codename":"example"},{"maximum_text_length":null,"name":"Name","guidelines":null,"is_required":false,"type":"text","external_id":"0f9a45c4-e098-48be-bd4f-9899c6adddbc","id":"024b2529-404b-5cfa-8fea-bfc53659586b","codename":"name"},{"maximum_text_length":null,"name":"Format","guidelines":null,"is_required":false,"type":"text","external_id":"4c85de0d-b101-4514-a0c5-2613885871d8","id":"581b88d1-3f88-5643-ac2f-c8560c1af70b","codename":"format"},{"mode":"single","options":[{"id":"668e6045-9829-453c-8e3b-27addf1e3972","codename":"true","name":"true"}],"name":"WriteOnly","guidelines":null,"is_required":false,"type":"multiple_choice","external_id":"bcdd8ada-79b3-42c6-acc7-f623b1f84036","id":"c2355138-eb08-5feb-b32e-b778229b69d6","codename":"writeonly"},{"maximum_text_length":null,"maximum_image_size":null,"allowed_content_types":[],"image_width_limit":null,"image_height_limit":null,"allowed_image_types":"any","allowed_blocks":[],"allowed_formatting":[],"allowed_text_blocks":[],"name":"Description","guidelines":null,"is_required":false,"type":"rich_text","external_id":"addecfc8-788c-476e-b9e1-ca09e39b7cde","id":"29c0ff71-cf95-5ece-995a-1c7a1312f1ec","codename":"description"},{"mode":"single","options":[{"id":"b7f28012-e840-4bc8-8e64-1e2df81eb92e","codename":"true","name":"true"}],"name":"Nullable","guidelines":null,"is_required":false,"type":"multiple_choice","external_id":"4b16ec80-1d91-448f-8232-90559227a4ba","id":"17e7154a-544a-5d9d-856a-ed16ebd93352","codename":"nullable"},{"name":"MinLength","guidelines":null,"is_required":false,"type":"number","external_id":"46b3a3e2-5fcf-4169-96ac-c517cb669479","id":"daf4d1cf-657b-578d-a867-7f94df4d3b38","codename":"minlength"},{"maximum_text_length":null,"name":"Default","guidelines":null,"is_required":false,"type":"text","external_id":"c0fbc1c1-a552-453b-814e-6757f19cdc40","id":"03a14ea0-4cd0-5ddc-a44c-2379092fb4c0","codename":"default"}]}]