[{"id":"6b8ef58c-e2b4-4ed5-8b38-52755be8624d","name":"/{PID}/items","codename":"__pid__items","type":{"id":"d9cba356-6115-4303-b66f-d2a41ab54bc1"},"sitemap_locations":[],"last_modified":"2019-06-07T13:02:13.5675128Z"},{"id":"c102c780-bba8-4a4a-85f3-f759d0009d04","name":"List content items","codename":"list_content_items","type":{"id":"5c82a898-c71c-4749-af86-d86f44db2e9d"},"sitemap_locations":[],"last_modified":"2019-06-07T13:02:13.8499332Z"},{"id":"0a00be8c-1c36-4619-9518-aa6482108748","name":"Array of strings","codename":"array_of_strings","type":{"id":"396f29eb-c69a-47de-9836-083d1ee8603e"},"sitemap_locations":[],"last_modified":"2019-06-07T13:02:14.1312228Z"},{"id":"076d7126-5775-4276-8711-ffdc31edf604","name":"Basic string schema","codename":"basic_string_schema","type":{"id":"d4165a70-bb20-4474-8552-2b126df0917c"},"sitemap_locations":[],"last_modified":"2019-06-07T13:02:14.3968309Z"},{"id":"6507a4aa-8d1f-4e91-8b10-d6abd7ecd76c","name":"Basic integer schema","codename":"basic_integer_schema","type":{"id":"85ed4fb1-5429-4951-bcc9-8fc2444ed5f9"},"sitemap_locations":[],"last_modified":"2019-06-07T13:02:14.6624713Z"},{"id":"e191bceb-d1c5-4389-8aae-294ff75f74f2","name":"Contact information","codename":"contact_information","type":{"id":"bcaff65c-8e79-44de-bc80-770a32a29fe9"},"sitemap_locations":[],"last_modified":"2019-06-07T13:02:14.9437946Z"},{"id":"a1b742bc-c3f6-4a98-9994-146b5fdddde8","name":"Content filtering","codename":"content_filtering","type":{"id":"a7e32611-6ca7-49d9-8fdf-080c1cfc9823"},"sitemap_locations":[],"last_modified":"2019-06-07T13:02:15.2875304Z"},{"id":"f9033246-152b-4fef-9c45-f084dda8d002","name":"Content items","codename":"content_items","type":{"id":"a7e32611-6ca7-49d9-8fdf-080c1cfc9823"},"sitemap_locations":[],"last_modified":"2019-06-07T13:02:15.5531405Z"},{"id":"ec893565-cf43-496b-81d9-bbcba51357e2","name":"Delivery API","codename":"delivery_api","type":{"id":"1b5b4d8f-e381-4b6d-b2a3-0353969fd8e6"},"sitemap_locations":[],"last_modified":"2019-06-07T13:02:15.834438Z"},{"id":"fec87821-a6af-4238-8961-9ff6fd6d4a29","name":"Delivery API production","codename":"delivery_api_production","type":{"id":"4461c0d9-c7ee-424b-aeef-e180ff9b0bb9"},"sitemap_locations":[],"last_modified":"2019-06-10T09:23:20.6910962Z"},{"id":"3b3fc80d-8802-4919-a452-b4c4a9737585","name":"Delivery API preview","codename":"delivery_api_preview","type":{"id":"4461c0d9-c7ee-424b-aeef-e180ff9b0bb9"},"sitemap_locations":[],"last_modified":"2019-06-10T09:23:40.2095078Z"},{"id":"49b19bfb-8409-4028-9c68-01a28548a66b","name":"Security","codename":"security","type":{"id":"0ab2ba07-699c-4be5-a545-1d5b70c37c21"},"sitemap_locations":[],"last_modified":"2019-06-07T13:02:16.7094791Z"},{"id":"c519f8dc-aa24-4222-8d5c-f5c40e01798e","name":"depth","codename":"depth","type":{"id":"7b98da9b-612a-4e1f-a51f-4d5cb6c1d627"},"sitemap_locations":[],"last_modified":"2019-06-07T13:02:16.9659927Z"},{"id":"245ff5bb-31c8-4f4a-b771-4c844c23ab57","name":"elements","codename":"elements","type":{"id":"7b98da9b-612a-4e1f-a51f-4d5cb6c1d627"},"sitemap_locations":[],"last_modified":"2019-06-07T13:02:17.2629263Z"},{"id":"c3a0767c-1e30-4345-9f98-075c5248f363","name":"language","codename":"language","type":{"id":"7b98da9b-612a-4e1f-a51f-4d5cb6c1d627"},"sitemap_locations":[],"last_modified":"2019-06-07T13:02:17.5597887Z"},{"id":"62bb50e1-ec1b-47ba-9c16-c5e6bd7b1091","name":"limit","codename":"limit","type":{"id":"7b98da9b-612a-4e1f-a51f-4d5cb6c1d627"},"sitemap_locations":[],"last_modified":"2019-06-07T13:02:17.8254604Z"},{"id":"04b51d4c-5905-4c7c-ae4a-24e2762fa254","name":"order","codename":"order","type":{"id":"7b98da9b-612a-4e1f-a51f-4d5cb6c1d627"},"sitemap_locations":[],"last_modified":"2019-06-07T13:02:18.1072646Z"},{"id":"9da9d893-6fc3-405a-a83f-ff93ca7a75f0","name":"skip","codename":"skip","type":{"id":"7b98da9b-612a-4e1f-a51f-4d5cb6c1d627"},"sitemap_locations":[],"last_modified":"2019-06-07T13:02:18.4197846Z"},{"id":"14a2e024-a2ec-4bcc-9979-968acba72e75","name":"UUID string schema","codename":"uuid_string_schema","type":{"id":"d4165a70-bb20-4474-8552-2b126df0917c"},"sitemap_locations":[],"last_modified":"2019-06-07T13:02:18.7011131Z"},{"id":"4779c9ca-7e93-496f-8994-e0a1ff28d961","name":"X-KC-Wait-For-Loading-New-Content","codename":"x_kc_wait_for_loading_new_content","type":{"id":"7b98da9b-612a-4e1f-a51f-4d5cb6c1d627"},"sitemap_locations":[],"last_modified":"2019-06-07T13:02:18.9666974Z"},{"id":"743aae51-774a-4744-bc6a-aa435f6d1b8e","name":"Content items listing response","codename":"content_items_listing_response","type":{"id":"b333993b-5340-4b1b-bbd4-d0ddea816420"},"sitemap_locations":[],"last_modified":"2019-06-10T09:24:59.6452034Z"},{"id":"f4d93ddb-d246-4bac-ab81-907670cdf12d","name":"Successful items listing response","codename":"successful_items_listing_response","type":{"id":"57abc8c7-f190-4784-990b-1aaffba84887"},"sitemap_locations":[],"last_modified":"2019-06-10T09:24:47.6607563Z"}]