[{"elements":[{"element":{"id":"02a2fc0c-4589-515a-ae5d-2f04115c4057"},"value":[{"id":"e0904301-743e-439f-8dcd-ab2e5e08ccd0"}]},{"components":[],"element":{"id":"c9f0758b-0b28-5ab4-a938-f9dcddf2ef3b"},"value":"<object type=\"application/kenticocloud\" data-type=\"item\" data-id=\"743aae51-774a-4744-bc6a-aa435f6d1b8e\"></object>"}],"workflow_step":{"id":"c199950d-99f0-4983-b711-6c4c91624b22"},"item":{"id":"f4d93ddb-d246-4bac-ab81-907670cdf12d"},"language":{"id":"00000000-0000-0000-0000-000000000000"},"last_modified":"2019-06-07T13:02:34.6644466Z"},{"elements":[{"element":{"id":"83b8342b-40f0-5149-aebb-71e16eaab368"},"value":[]},{"element":{"id":"c849053d-c676-5af4-8693-f822132829e2"},"value":[{"id":"8d1e8237-e2bc-4508-8ad6-60e80f61e416"}]},{"components":[],"element":{"id":"4b8ce3f9-8621-5138-85fb-f2a1dec5dcfc"},"value":"<p><br/></p>"},{"components":[],"element":{"id":"bae9b5e2-13c8-5682-be50-cde386620e86"},"value":"<p>A&nbsp;listing response&nbsp;object with a collection of content items. If your query does not match any content items, the API returns a standard listing response with empty&nbsp;{~items~} and&nbsp;{~modular_content~}&nbsp;(linked content) attributes.</p>"}],"workflow_step":{"id":"c199950d-99f0-4983-b711-6c4c91624b22"},"item":{"id":"743aae51-774a-4744-bc6a-aa435f6d1b8e"},"language":{"id":"00000000-0000-0000-0000-000000000000"},"last_modified":"2019-06-07T13:02:34.0862665Z"},{"elements":[{"element":{"id":"15176717-dde5-569b-a76c-2a8322922e9c"},"value":[{"id":"6507a4aa-8d1f-4e91-8b10-d6abd7ecd76c"}]},{"components":[],"element":{"id":"7e160bed-cdfc-5488-b239-55449147e971"},"value":"<p>Content items can use&nbsp;Linked items&nbsp;and&nbsp;Rich text&nbsp;elements to reference other content items. By default, only the first level of linked items is returned. If you need to exclude all linked items from the response, set the parameter to&nbsp;{~0~}. Components are always present in response.&nbsp;</p>"},{"element":{"id":"f83eebaa-515a-52fb-a6b7-534dc4f8e6e6"},"value":[{"id":"49201300-65d1-4f21-b70e-edfcf82383f1"}]},{"element":{"id":"9f929f63-edea-5cd6-9d6c-e1c2a65befb7"},"value":[]},{"element":{"id":"cc73a68e-c79f-53c4-a1eb-6e56ccfda08f"},"value":"1"},{"element":{"id":"631802a0-874f-5cee-91d0-c32bfd6f5ae2"},"value":[{"id":"8d1e8237-e2bc-4508-8ad6-60e80f61e416"}]},{"element":{"id":"bd8bc0af-07fd-53cf-91a8-421ee45652b0"},"value":[]},{"element":{"id":"d6aab14a-01c3-512e-b44d-8fb767593098"},"value":[]},{"element":{"id":"7e982db2-e29e-5866-957c-36c67b1e2593"},"value":"depth"},{"element":{"id":"389beb8c-65ae-5cf4-a772-3f3e68de385b"},"value":[]}],"workflow_step":{"id":"c199950d-99f0-4983-b711-6c4c91624b22"},"item":{"id":"c519f8dc-aa24-4222-8d5c-f5c40e01798e"},"language":{"id":"00000000-0000-0000-0000-000000000000"},"last_modified":"2019-06-07T13:02:28.7337874Z"},{"elements":[{"element":{"id":"15176717-dde5-569b-a76c-2a8322922e9c"},"value":[{"id":"0a00be8c-1c36-4619-9518-aa6482108748"}]},{"components":[],"element":{"id":"7e160bed-cdfc-5488-b239-55449147e971"},"value":"<p>A comma-separated list of content type element codenames. Use this parameter to choose which elements to retrieve. If not specified, all elements are retrieved. See&nbsp;Projection.</p>"},{"element":{"id":"f83eebaa-515a-52fb-a6b7-534dc4f8e6e6"},"value":[{"id":"49201300-65d1-4f21-b70e-edfcf82383f1"}]},{"element":{"id":"9f929f63-edea-5cd6-9d6c-e1c2a65befb7"},"value":[]},{"element":{"id":"cc73a68e-c79f-53c4-a1eb-6e56ccfda08f"},"value":"title,summary,post_date,teaser_image"},{"element":{"id":"631802a0-874f-5cee-91d0-c32bfd6f5ae2"},"value":[{"id":"8d1e8237-e2bc-4508-8ad6-60e80f61e416"}]},{"element":{"id":"bd8bc0af-07fd-53cf-91a8-421ee45652b0"},"value":[{"id":"db24ba3d-da3f-4d97-93f5-43589576d8d2"}]},{"element":{"id":"d6aab14a-01c3-512e-b44d-8fb767593098"},"value":[]},{"element":{"id":"7e982db2-e29e-5866-957c-36c67b1e2593"},"value":"elements"},{"element":{"id":"389beb8c-65ae-5cf4-a772-3f3e68de385b"},"value":[{"id":"d2f2f073-4274-4268-99c2-784d6c2ec87e"}]}],"workflow_step":{"id":"c199950d-99f0-4983-b711-6c4c91624b22"},"item":{"id":"245ff5bb-31c8-4f4a-b771-4c844c23ab57"},"language":{"id":"00000000-0000-0000-0000-000000000000"},"last_modified":"2019-06-07T13:02:29.594198Z"},{"elements":[{"element":{"id":"15176717-dde5-569b-a76c-2a8322922e9c"},"value":[{"id":"076d7126-5775-4276-8711-ffdc31edf604"}]},{"components":[],"element":{"id":"7e160bed-cdfc-5488-b239-55449147e971"},"value":"<p>Determines which language variant of content to return. By default, the API returns content in the default project language. If the requested content is not available in the specified language variant, the API follows the&nbsp;language fallbacks&nbsp;as configured in the&nbsp;Localization&nbsp;settings of your project.</p>"},{"element":{"id":"f83eebaa-515a-52fb-a6b7-534dc4f8e6e6"},"value":[{"id":"49201300-65d1-4f21-b70e-edfcf82383f1"}]},{"element":{"id":"9f929f63-edea-5cd6-9d6c-e1c2a65befb7"},"value":[]},{"element":{"id":"cc73a68e-c79f-53c4-a1eb-6e56ccfda08f"},"value":"en-US"},{"element":{"id":"631802a0-874f-5cee-91d0-c32bfd6f5ae2"},"value":[{"id":"8d1e8237-e2bc-4508-8ad6-60e80f61e416"}]},{"element":{"id":"bd8bc0af-07fd-53cf-91a8-421ee45652b0"},"value":[]},{"element":{"id":"d6aab14a-01c3-512e-b44d-8fb767593098"},"value":[]},{"element":{"id":"7e982db2-e29e-5866-957c-36c67b1e2593"},"value":"language"},{"element":{"id":"389beb8c-65ae-5cf4-a772-3f3e68de385b"},"value":[]}],"workflow_step":{"id":"c199950d-99f0-4983-b711-6c4c91624b22"},"item":{"id":"c3a0767c-1e30-4345-9f98-075c5248f363"},"language":{"id":"00000000-0000-0000-0000-000000000000"},"last_modified":"2019-06-07T13:02:30.3951953Z"},{"elements":[{"element":{"id":"15176717-dde5-569b-a76c-2a8322922e9c"},"value":[{"id":"6507a4aa-8d1f-4e91-8b10-d6abd7ecd76c"}]},{"components":[],"element":{"id":"7e160bed-cdfc-5488-b239-55449147e971"},"value":"<p>Number of content items to retrieve in a single request. If the&nbsp;limit&nbsp;is lower than the total number of items matching your query, the&nbsp;{~next_page~}&nbsp;attribute in the&nbsp;Pagination&nbsp;object will contain a URL to the next page of results.</p>"},{"element":{"id":"f83eebaa-515a-52fb-a6b7-534dc4f8e6e6"},"value":[{"id":"49201300-65d1-4f21-b70e-edfcf82383f1"}]},{"element":{"id":"9f929f63-edea-5cd6-9d6c-e1c2a65befb7"},"value":[]},{"element":{"id":"cc73a68e-c79f-53c4-a1eb-6e56ccfda08f"},"value":"10"},{"element":{"id":"631802a0-874f-5cee-91d0-c32bfd6f5ae2"},"value":[{"id":"8d1e8237-e2bc-4508-8ad6-60e80f61e416"}]},{"element":{"id":"bd8bc0af-07fd-53cf-91a8-421ee45652b0"},"value":[]},{"element":{"id":"d6aab14a-01c3-512e-b44d-8fb767593098"},"value":[]},{"element":{"id":"7e982db2-e29e-5866-957c-36c67b1e2593"},"value":"limit"},{"element":{"id":"389beb8c-65ae-5cf4-a772-3f3e68de385b"},"value":[]}],"workflow_step":{"id":"c199950d-99f0-4983-b711-6c4c91624b22"},"item":{"id":"62bb50e1-ec1b-47ba-9c16-c5e6bd7b1091"},"language":{"id":"00000000-0000-0000-0000-000000000000"},"last_modified":"2019-06-07T13:02:30.9890782Z"},{"elements":[{"element":{"id":"15176717-dde5-569b-a76c-2a8322922e9c"},"value":[{"id":"076d7126-5775-4276-8711-ffdc31edf604"}]},{"components":[],"element":{"id":"7e160bed-cdfc-5488-b239-55449147e971"},"value":"<p>Order of the retrieved content items. By default, the items are sorted alphabetically by their codenames from A to Z in descending order. You can use both the&nbsp;system&nbsp;and&nbsp;element&nbsp;attributes to sort data.</p>\n<p>To sort content items in the ascending order, use {~&lt;attribute&gt;[asc]~}&nbsp;as the parameter value. Similarly, to sort in the descending order, use the&nbsp;[desc] modifier.</p>\n<p><strong>Examples</strong></p>\n<ul>\n  <li>Sort by date –&nbsp;{~order=system.last_modified[asc]~}</li>\n  <li>Sort by content item name –&nbsp;{~order=system.name[asc]~}</li>\n  <li>Sort by element value –&nbsp;{~order=elements.&lt;element_codename&gt;[desc]~}</li>\n</ul>"},{"element":{"id":"f83eebaa-515a-52fb-a6b7-534dc4f8e6e6"},"value":[{"id":"49201300-65d1-4f21-b70e-edfcf82383f1"}]},{"element":{"id":"9f929f63-edea-5cd6-9d6c-e1c2a65befb7"},"value":[]},{"element":{"id":"cc73a68e-c79f-53c4-a1eb-6e56ccfda08f"},"value":"elements.post_date[desc]"},{"element":{"id":"631802a0-874f-5cee-91d0-c32bfd6f5ae2"},"value":[{"id":"8d1e8237-e2bc-4508-8ad6-60e80f61e416"}]},{"element":{"id":"bd8bc0af-07fd-53cf-91a8-421ee45652b0"},"value":[]},{"element":{"id":"d6aab14a-01c3-512e-b44d-8fb767593098"},"value":[]},{"element":{"id":"7e982db2-e29e-5866-957c-36c67b1e2593"},"value":"order"},{"element":{"id":"389beb8c-65ae-5cf4-a772-3f3e68de385b"},"value":[]}],"workflow_step":{"id":"c199950d-99f0-4983-b711-6c4c91624b22"},"item":{"id":"04b51d4c-5905-4c7c-ae4a-24e2762fa254"},"language":{"id":"00000000-0000-0000-0000-000000000000"},"last_modified":"2019-06-07T13:02:31.6297411Z"},{"elements":[{"element":{"id":"15176717-dde5-569b-a76c-2a8322922e9c"},"value":[{"id":"6507a4aa-8d1f-4e91-8b10-d6abd7ecd76c"}]},{"components":[],"element":{"id":"7e160bed-cdfc-5488-b239-55449147e971"},"value":"<p>Number of items to skip from the response.</p>"},{"element":{"id":"f83eebaa-515a-52fb-a6b7-534dc4f8e6e6"},"value":[{"id":"49201300-65d1-4f21-b70e-edfcf82383f1"}]},{"element":{"id":"9f929f63-edea-5cd6-9d6c-e1c2a65befb7"},"value":[]},{"element":{"id":"cc73a68e-c79f-53c4-a1eb-6e56ccfda08f"},"value":"10"},{"element":{"id":"631802a0-874f-5cee-91d0-c32bfd6f5ae2"},"value":[{"id":"8d1e8237-e2bc-4508-8ad6-60e80f61e416"}]},{"element":{"id":"bd8bc0af-07fd-53cf-91a8-421ee45652b0"},"value":[]},{"element":{"id":"d6aab14a-01c3-512e-b44d-8fb767593098"},"value":[]},{"element":{"id":"7e982db2-e29e-5866-957c-36c67b1e2593"},"value":"skip"},{"element":{"id":"389beb8c-65ae-5cf4-a772-3f3e68de385b"},"value":[]}],"workflow_step":{"id":"c199950d-99f0-4983-b711-6c4c91624b22"},"item":{"id":"9da9d893-6fc3-405a-a83f-ff93ca7a75f0"},"language":{"id":"00000000-0000-0000-0000-000000000000"},"last_modified":"2019-06-07T13:02:32.2103934Z"},{"elements":[{"element":{"id":"15176717-dde5-569b-a76c-2a8322922e9c"},"value":[{"id":"076d7126-5775-4276-8711-ffdc31edf604"}]},{"components":[],"element":{"id":"7e160bed-cdfc-5488-b239-55449147e971"},"value":"<p>If the requested content has changed since the last request, the header determines whether to wait while fetching content. This can be useful when retrieving changed content in reaction to a&nbsp;<a href=\"https://developer.kenticocloud.com/docs/webhooks\">webhook</a>&nbsp;call. By default, when the header is not set, the API serves old content (if cached by the CDN) while it's fetching the new content to minimize wait time. To always fetch new content, set the header value to&nbsp;{~true~}.</p>"},{"element":{"id":"f83eebaa-515a-52fb-a6b7-534dc4f8e6e6"},"value":[{"id":"72e39ab6-16c0-4be6-916f-baf602dfafe6"}]},{"element":{"id":"9f929f63-edea-5cd6-9d6c-e1c2a65befb7"},"value":[]},{"element":{"id":"cc73a68e-c79f-53c4-a1eb-6e56ccfda08f"},"value":"true"},{"element":{"id":"631802a0-874f-5cee-91d0-c32bfd6f5ae2"},"value":[{"id":"8d1e8237-e2bc-4508-8ad6-60e80f61e416"}]},{"element":{"id":"bd8bc0af-07fd-53cf-91a8-421ee45652b0"},"value":[]},{"element":{"id":"d6aab14a-01c3-512e-b44d-8fb767593098"},"value":[]},{"element":{"id":"7e982db2-e29e-5866-957c-36c67b1e2593"},"value":"X-KC-Wait-For-Loading-New-Content"},{"element":{"id":"389beb8c-65ae-5cf4-a772-3f3e68de385b"},"value":[]}],"workflow_step":{"id":"c199950d-99f0-4983-b711-6c4c91624b22"},"item":{"id":"4779c9ca-7e93-496f-8994-e0a1ff28d961"},"language":{"id":"00000000-0000-0000-0000-000000000000"},"last_modified":"2019-06-07T13:02:33.4604565Z"},{"elements":[{"element":{"id":"e3893a4d-cb28-5d3b-938d-627bf12f6d07"},"value":[{"id":"8d1e8237-e2bc-4508-8ad6-60e80f61e416"}]},{"element":{"id":"a664c084-72e7-5d0e-bd42-2d5125c25e01"},"value":"cloud@kentico.com"},{"element":{"id":"606055dc-2f95-5074-a5d7-d53634147843"},"value":"Kentico Cloud"},{"element":{"id":"b975b1a2-8368-5454-a0de-76f5bb832f37"},"value":"https://kenticocloud.com/contact"}],"workflow_step":{"id":"c199950d-99f0-4983-b711-6c4c91624b22"},"item":{"id":"e191bceb-d1c5-4389-8aae-294ff75f74f2"},"language":{"id":"00000000-0000-0000-0000-000000000000"},"last_modified":"2019-06-07T13:02:23.3419467Z"},{"elements":[{"element":{"id":"3cc758e6-2e32-5446-8087-38218da505fe"},"value":""},{"element":{"id":"98a15324-931c-5516-baae-3fbccff4fa17"},"value":"StringArray"},{"components":[],"element":{"id":"0ef1d1f0-d997-5872-829c-7e47242b8329"},"value":"<object type=\"application/kenticocloud\" data-type=\"item\" data-id=\"076d7126-5775-4276-8711-ffdc31edf604\"></object>"},{"components":[],"element":{"id":"fae93236-17cc-5df3-b6da-bd0398fb7608"},"value":"<p><br/></p>"},{"element":{"id":"32294d67-77c1-57af-9f75-6769acc50919"},"value":[]}],"workflow_step":{"id":"c199950d-99f0-4983-b711-6c4c91624b22"},"item":{"id":"0a00be8c-1c36-4619-9518-aa6482108748"},"language":{"id":"00000000-0000-0000-0000-000000000000"},"last_modified":"2019-06-07T13:02:21.4043679Z"},{"elements":[{"element":{"id":"9e778938-0905-5cbe-b7aa-1f3236ba1c2e"},"value":"/{project_id}/items"},{"element":{"id":"0aee81d9-7477-5176-87c2-80d813397f67"},"value":[{"id":"8d1e8237-e2bc-4508-8ad6-60e80f61e416"}]},{"element":{"id":"c270fdaa-301d-5db8-9b93-6d1a074022b2"},"value":[{"id":"c102c780-bba8-4a4a-85f3-f759d0009d04"}]}],"workflow_step":{"id":"c199950d-99f0-4983-b711-6c4c91624b22"},"item":{"id":"6b8ef58c-e2b4-4ed5-8b38-52755be8624d"},"language":{"id":"00000000-0000-0000-0000-000000000000"},"last_modified":"2019-06-07T13:02:19.9979999Z"},{"elements":[{"element":{"id":"55cac0ca-8a47-5616-a7c3-d4e40eb1ba2b"},"value":"int32"},{"element":{"id":"10d10287-11d7-5c22-8074-2bddea86f9f8"},"value":[]},{"element":{"id":"de755d97-17cb-5c98-a7e8-3fdadaf7897e"},"value":""},{"element":{"id":"85c4ea46-875c-57ca-8f00-0cd59f486e99"},"value":""},{"element":{"id":"fc0a4a93-a8d7-5341-9e94-2bdb01b58fd7"},"value":null},{"element":{"id":"e0fbc03c-878d-548b-be6f-276c56ea5ecf"},"value":""},{"element":{"id":"8e7db24b-9eee-5b8d-bfce-9a080bbfec6b"},"value":[]},{"element":{"id":"e935cb1f-a83d-5c15-893d-63e49c81942d"},"value":null},{"components":[],"element":{"id":"4e210292-1667-5ac5-9a6b-d05005faad0f"},"value":"<p><br/></p>"},{"element":{"id":"56fe0300-f703-54ab-b290-edba650b8118"},"value":[]},{"element":{"id":"1b53e974-e3ee-572c-82b9-6c707a52c509"},"value":null}],"workflow_step":{"id":"c199950d-99f0-4983-b711-6c4c91624b22"},"item":{"id":"6507a4aa-8d1f-4e91-8b10-d6abd7ecd76c"},"language":{"id":"00000000-0000-0000-0000-000000000000"},"last_modified":"2019-06-07T13:02:22.6700374Z"},{"elements":[{"element":{"id":"e50ef588-506e-5339-b198-03a70fd0973b"},"value":"Delivery API production"},{"element":{"id":"a0f99fe5-8c9d-56d3-bbd9-ebdd36e0343e"},"value":"https://deliver.kenticocloud.com/"}],"workflow_step":{"id":"c199950d-99f0-4983-b711-6c4c91624b22"},"item":{"id":"fec87821-a6af-4238-8961-9ff6fd6d4a29"},"language":{"id":"00000000-0000-0000-0000-000000000000"},"last_modified":"2019-06-07T13:02:26.3420808Z"},{"elements":[{"element":{"id":"e50ef588-506e-5339-b198-03a70fd0973b"},"value":"Delivery API preview"},{"element":{"id":"a0f99fe5-8c9d-56d3-bbd9-ebdd36e0343e"},"value":"https://preview-deliver.kenticocloud.com/"}],"workflow_step":{"id":"c199950d-99f0-4983-b711-6c4c91624b22"},"item":{"id":"3b3fc80d-8802-4919-a452-b4c4a9737585"},"language":{"id":"00000000-0000-0000-0000-000000000000"},"last_modified":"2019-06-07T13:02:27.045237Z"},{"elements":[{"element":{"id":"432e2825-25e2-5e57-9910-889168d488e8"},"value":[{"id":"c3a0767c-1e30-4345-9f98-075c5248f363"},{"id":"245ff5bb-31c8-4f4a-b771-4c844c23ab57"},{"id":"04b51d4c-5905-4c7c-ae4a-24e2762fa254"},{"id":"c519f8dc-aa24-4222-8d5c-f5c40e01798e"},{"id":"9da9d893-6fc3-405a-a83f-ff93ca7a75f0"},{"id":"62bb50e1-ec1b-47ba-9c16-c5e6bd7b1091"},{"id":"4779c9ca-7e93-496f-8994-e0a1ff28d961"}]},{"components":[],"element":{"id":"6468ab8d-1180-5edd-b2dc-bd60f52137df"},"value":"<p>Retrieve a list of content items in your project. By default, the content items are ordered alphabetically by codename.</p>"},{"element":{"id":"168a5cb5-1598-584e-bc2d-d2a1ef2092ff"},"value":"List content items"},{"components":[],"element":{"id":"0ba95720-59ba-5bf2-b3c0-1e7fed4f2118"},"value":"<p><br/></p>"},{"element":{"id":"1e235feb-2cf6-52b5-82eb-87d8beeb45bb"},"value":[]},{"components":[],"element":{"id":"f8a4fccc-daa3-56b1-8e14-ed0974747bbf"},"value":"<object type=\"application/kenticocloud\" data-type=\"item\" data-id=\"f4d93ddb-d246-4bac-ab81-907670cdf12d\"></object>"},{"mode":"custom","element":{"id":"a56437de-a553-5fbf-b001-c6b1c4cbcdb6"},"value":"list-content-items"},{"element":{"id":"e05f7d2d-5d01-56b0-96a9-de255d95742c"},"value":[{"id":"f9033246-152b-4fef-9c45-f084dda8d002"}]},{"element":{"id":"9c6e51b3-e71e-599d-b454-fc06f5050fb5"},"value":[{"id":"1cb66b76-7624-4742-a569-614c6d61a24f"}]},{"element":{"id":"2d721d38-c00e-5046-8f17-e6e0fed1fa76"},"value":[]},{"element":{"id":"40aa320e-47c5-59f0-961e-2c4cd3a2c32f"},"value":[{"id":"8d1e8237-e2bc-4508-8ad6-60e80f61e416"}]}],"workflow_step":{"id":"c199950d-99f0-4983-b711-6c4c91624b22"},"item":{"id":"c102c780-bba8-4a4a-85f3-f759d0009d04"},"language":{"id":"00000000-0000-0000-0000-000000000000"},"last_modified":"2019-06-07T13:02:20.7636751Z"},{"elements":[{"element":{"id":"7b2c3f6e-c07b-56f4-97a0-8c6be534b5d3"},"value":""},{"mode":"custom","element":{"id":"c8008d8f-e220-5202-95b4-216e91ef42a0"},"value":"delivery-api"},{"element":{"id":"01121f3c-9b41-5633-9227-4ea4ba7beec8"},"value":[]},{"components":[],"element":{"id":"242c2e55-4248-551a-8061-e84543e3ef09"},"value":"<p>The Delivery API is a read-only REST API that serves published content from your Kentico Cloud projects.</p>\n<p>Use the API to deliver large amounts of content to your website or app. The content is cached on the CDN level, which makes it quickly available from wherever you are. The Delivery API provides&nbsp;<a href=\"https://developer.kenticocloud.com/reference#content-filtering\">content filtering</a>&nbsp;options that allow you to retrieve only the parts of the content you need.</p>\n<p>All requests to the API must be made securely with HTTPS with&nbsp;<a href=\"https://github.com/Kentico/delivery-sdk-net/wiki/Fixing-error:-Could-not-create-SSL-TLS-secure-channel\">TLS 1.2</a>.</p>"},{"element":{"id":"ff37f5e2-216d-5412-8562-9ba6929f7711"},"value":[{"id":"f9033246-152b-4fef-9c45-f084dda8d002"},{"id":"a1b742bc-c3f6-4a98-9994-146b5fdddde8"}]},{"element":{"id":"77e01692-f86a-59dd-8f5b-ddf69129cbe9"},"value":[{"id":"8d1e8237-e2bc-4508-8ad6-60e80f61e416"}]},{"element":{"id":"09cb44a7-ae06-59cf-b9f6-51d29efdd818"},"value":[{"id":"49b19bfb-8409-4028-9c68-01a28548a66b"}]},{"components":[],"element":{"id":"0ab26a4d-a67c-58bb-b729-9362f0ed5a41"},"value":"<object type=\"application/kenticocloud\" data-type=\"item\" data-id=\"fec87821-a6af-4238-8961-9ff6fd6d4a29\"></object>\n<object type=\"application/kenticocloud\" data-type=\"item\" data-id=\"3b3fc80d-8802-4919-a452-b4c4a9737585\"></object>"},{"element":{"id":"58923f13-707a-585c-b1eb-26ebdca0394d"},"value":"Delivery API"},{"element":{"id":"7ba11d75-f862-50c5-a659-4bd8b7fa7780"},"value":[{"id":"6b8ef58c-e2b4-4ed5-8b38-52755be8624d"}]},{"element":{"id":"fbceb4d3-b68b-573c-a8a6-bb7eb840438d"},"value":[{"id":"e191bceb-d1c5-4389-8aae-294ff75f74f2"}]},{"element":{"id":"68f9fd41-dbc6-51a4-9044-a8cd0b7a3b4a"},"value":[{"id":"779e8f50-561f-4003-bad3-7e2902dd07b9"}]},{"element":{"id":"d107ebd2-79f4-5c87-9a40-aa8a6fbe6cd3"},"value":"1"}],"workflow_step":{"id":"c199950d-99f0-4983-b711-6c4c91624b22"},"item":{"id":"ec893565-cf43-496b-81d9-bbcba51357e2"},"language":{"id":"00000000-0000-0000-0000-000000000000"},"last_modified":"2019-06-07T13:02:25.2482896Z"},{"elements":[{"element":{"id":"c505ae81-2482-5ede-a34a-86e2023c9176"},"value":[{"id":"8d1e8237-e2bc-4508-8ad6-60e80f61e416"}]},{"mode":"custom","element":{"id":"3f05cbf3-be86-5f84-9bcb-758e0124c2f4"},"value":"filtering"},{"components":[],"element":{"id":"7a6d8ff6-718c-5807-aec4-5d97997dbf1f"},"value":"<p>When&nbsp;<a data-item-id=\"c102c780-bba8-4a4a-85f3-f759d0009d04\">retrieving a list of content items</a>&nbsp;from your project, you can filter large sets of content items by building query parameters from content elements and system attributes. Note that filtering does NOT apply to content items returned within the&nbsp;modular_content&nbsp;collection (see&nbsp;<a data-item-id=\"f4d93ddb-d246-4bac-ab81-907670cdf12d\">Content items listing response</a>).</p>"},{"element":{"id":"f3692305-eb19-57e2-ad24-eccd3f21737b"},"value":"Filtering"}],"workflow_step":{"id":"c199950d-99f0-4983-b711-6c4c91624b22"},"item":{"id":"a1b742bc-c3f6-4a98-9994-146b5fdddde8"},"language":{"id":"00000000-0000-0000-0000-000000000000"},"last_modified":"2019-06-10T09:38:21.9384919Z"},{"elements":[{"element":{"id":"c505ae81-2482-5ede-a34a-86e2023c9176"},"value":[{"id":"8d1e8237-e2bc-4508-8ad6-60e80f61e416"}]},{"mode":"custom","element":{"id":"3f05cbf3-be86-5f84-9bcb-758e0124c2f4"},"value":"content-items"},{"components":[],"element":{"id":"7a6d8ff6-718c-5807-aec4-5d97997dbf1f"},"value":"<p>Every content item in a JSON response from the Delivery API contains a&nbsp;{~system~}&nbsp;attribute. This attribute represents the System object with information about the retrieved content item.</p>"},{"element":{"id":"f3692305-eb19-57e2-ad24-eccd3f21737b"},"value":"Content items"}],"workflow_step":{"id":"c199950d-99f0-4983-b711-6c4c91624b22"},"item":{"id":"f9033246-152b-4fef-9c45-f084dda8d002"},"language":{"id":"00000000-0000-0000-0000-000000000000"},"last_modified":"2019-06-07T13:02:24.545102Z"},{"elements":[{"element":{"id":"e7715419-b1c8-5111-af66-dddf5d8dcff3"},"value":[{"id":"8d1e8237-e2bc-4508-8ad6-60e80f61e416"}]},{"element":{"id":"833c9d36-8ad3-53df-be4b-29315c88074e"},"value":[{"id":"7e38205f-5dcd-4405-85c4-4972c0544bea"}]},{"element":{"id":"20f32005-59f9-51d6-83a1-7674d42f3282"},"value":"authorization"},{"element":{"id":"d0254bd6-c74e-5792-babc-d4a6208e2e80"},"value":"Bearer <YOUR_PREVIEW_API_KEY>"},{"element":{"id":"279806a1-8f05-5469-8a61-79dc1b00149c"},"value":"delivery-security-scheme"},{"element":{"id":"8bb8df95-2ec0-534c-bcc1-a54f4f4a4b91"},"value":"Preview API "},{"element":{"id":"b9e31a41-5b1b-5a74-9660-08241a0b978e"},"value":[{"id":"8dcb3fbe-5385-4b38-9fdc-a4174455dd57"}]},{"components":[],"element":{"id":"910e89bb-1165-59f6-b46d-365595be19f1"},"value":"<p>When you want to user Delivery API for previewing unpublished content.</p>"}],"workflow_step":{"id":"c199950d-99f0-4983-b711-6c4c91624b22"},"item":{"id":"49b19bfb-8409-4028-9c68-01a28548a66b"},"language":{"id":"00000000-0000-0000-0000-000000000000"},"last_modified":"2019-06-07T13:02:27.9054621Z"},{"elements":[{"element":{"id":"d49499c0-53d9-5498-9714-0d34bdabe265"},"value":""},{"element":{"id":"d9e95d57-7015-5b4f-b847-3b766c3c1a3c"},"value":null},{"element":{"id":"6106dc8b-c9e3-5a8b-bd33-29ff3b043e69"},"value":[]},{"element":{"id":"0cae646c-3eaf-56c3-8e6f-7d8f91f31e76"},"value":""},{"element":{"id":"024b2529-404b-5cfa-8fea-bfc53659586b"},"value":""},{"element":{"id":"581b88d1-3f88-5643-ac2f-c8560c1af70b"},"value":""},{"element":{"id":"c2355138-eb08-5feb-b32e-b778229b69d6"},"value":[]},{"components":[],"element":{"id":"29c0ff71-cf95-5ece-995a-1c7a1312f1ec"},"value":"<p><br/></p>"},{"element":{"id":"17e7154a-544a-5d9d-856a-ed16ebd93352"},"value":[]},{"element":{"id":"daf4d1cf-657b-578d-a867-7f94df4d3b38"},"value":null},{"element":{"id":"03a14ea0-4cd0-5ddc-a44c-2379092fb4c0"},"value":""}],"workflow_step":{"id":"c199950d-99f0-4983-b711-6c4c91624b22"},"item":{"id":"076d7126-5775-4276-8711-ffdc31edf604"},"language":{"id":"00000000-0000-0000-0000-000000000000"},"last_modified":"2019-06-07T13:02:22.0449735Z"},{"elements":[{"element":{"id":"d49499c0-53d9-5498-9714-0d34bdabe265"},"value":""},{"element":{"id":"d9e95d57-7015-5b4f-b847-3b766c3c1a3c"},"value":null},{"element":{"id":"6106dc8b-c9e3-5a8b-bd33-29ff3b043e69"},"value":[]},{"element":{"id":"0cae646c-3eaf-56c3-8e6f-7d8f91f31e76"},"value":""},{"element":{"id":"024b2529-404b-5cfa-8fea-bfc53659586b"},"value":""},{"element":{"id":"581b88d1-3f88-5643-ac2f-c8560c1af70b"},"value":"uuid"},{"element":{"id":"c2355138-eb08-5feb-b32e-b778229b69d6"},"value":[]},{"components":[],"element":{"id":"29c0ff71-cf95-5ece-995a-1c7a1312f1ec"},"value":"<p><br/></p>"},{"element":{"id":"17e7154a-544a-5d9d-856a-ed16ebd93352"},"value":[]},{"element":{"id":"daf4d1cf-657b-578d-a867-7f94df4d3b38"},"value":null},{"element":{"id":"03a14ea0-4cd0-5ddc-a44c-2379092fb4c0"},"value":""}],"workflow_step":{"id":"c199950d-99f0-4983-b711-6c4c91624b22"},"item":{"id":"14a2e024-a2ec-4bcc-9979-968acba72e75"},"language":{"id":"00000000-0000-0000-0000-000000000000"},"last_modified":"2019-06-07T13:02:32.8197978Z"}]