[{"last_modified":"2019-06-07T13:02:02.7701706Z","id":"8982fae8-0af0-4246-8c6d-bd003801cabd","name":"Platform","codename":"platform","terms":[{"id":"3b7012aa-68c8-45f6-8333-5f79c3e8c61c","name":"REST","codename":"rest","terms":[]},{"id":"1093e4b3-0c22-4932-9480-e94b8c51d755","name":".NET","codename":"_net","terms":[]}]},{"last_modified":"2019-06-07T13:02:03.0983137Z","id":"d9005570-77ba-4013-8828-f9621bc97da6","name":"Programming language","codename":"programming_language","terms":[{"id":"14c9a22e-e27d-4bc8-9ecb-abdb596e6bc4","name":"C#","codename":"c_","terms":[]},{"id":"41fb3b3f-7d0f-4a72-9425-ef9ec8096c20","name":"cURL","codename":"curl","terms":[]}]},{"last_modified":"2019-06-07T13:02:02.3635363Z","id":"846dd21e-f2b4-4aea-a9a6-70e74fc4126d","name":"Path operation","codename":"path_operation","terms":[{"id":"1cb66b76-7624-4742-a569-614c6d61a24f","name":"GET","codename":"get","terms":[]},{"id":"ee38b4cc-d8be-4b7c-b71a-e3023744cd8c","name":"POST","codename":"post","terms":[]},{"id":"1f9a329a-1099-41db-bb3e-529da20f0eda","name":"PUT","codename":"put","terms":[]},{"id":"5c3c8d5f-940f-4643-8de7-afcd1cea2316","name":"DELETE","codename":"delete","terms":[]},{"id":"243ca433-254c-4eef-b3f4-e8d8189f702c","name":"PATCH","codename":"patch","terms":[]}]},{"last_modified":"2019-06-07T13:02:01.9885483Z","id":"2d4abf3c-31e8-4353-ae9c-e68204a59640","name":"Feature release status","codename":"feature_release_status","terms":[{"id":"d2591c82-6bcf-4b57-afb4-8e34f824632c","name":"Experimental","codename":"experimental","terms":[]},{"id":"823ad3c0-9106-41c2-992b-017cc531b5bb","name":"Alpha","codename":"alpha","terms":[]},{"id":"3b825358-62cd-4dca-ab08-517613c7d207","name":"Beta","codename":"beta","terms":[]},{"id":"779e8f50-561f-4003-bad3-7e2902dd07b9","name":"Public","codename":"public","terms":[]},{"id":"65995048-0f3a-4284-a996-c727fba911a6","name":"Deprecated","codename":"deprecated","terms":[]}]},{"last_modified":"2019-06-07T13:02:01.5666594Z","id":"fc26f006-2be4-4a74-9063-a1410f7cca4f","name":"API reference","codename":"api_reference","terms":[{"id":"f742f079-dc3c-48b3-ba18-0c52a5c1492c","name":"Content Management API v1","codename":"content_management_api_v1","terms":[]},{"id":"6faf6cf0-2335-47d1-a09d-dace8264c37e","name":"Content Management API v2","codename":"content_management_api_v2","terms":[]},{"id":"5a43e6a8-d4fb-4d10-8235-510cedc0811a","name":"Content Recommendation API","codename":"content_recommendation_api","terms":[]},{"id":"8d1e8237-e2bc-4508-8ad6-60e80f61e416","name":"Delivery API","codename":"delivery_api","terms":[]}]}]