[{"id":"0690d461-d1d1-4fc9-b8e2-6597084283b0","file_name":"jesse-bowser-5659-unsplash.jpg","title":"Long Road","size":3580720,"type":"image/jpeg","url":"https://assets-us-01.kc-usercontent.com/37206de2-9227-00f4-a038-ae81a9cd9512/6dc5e54f-a695-420e-a8cd-6cbb13db3cb9/jesse-bowser-5659-unsplash.jpg","image_width":4629,"image_height":2603,"file_reference":{"id":"6dc5e54f-a695-420e-a8cd-6cbb13db3cb9","type":"internal"},"descriptions":[{"language":{"id":"00000000-0000-0000-0000-000000000000"},"description":"Long winding road through faded grassy hills"}],"last_modified":"2018-09-28T19:08:59.5097002Z"},{"id":"1456d198-9f08-4cc1-b8dd-10541db8e436","file_name":"SpokaneFromPalisades_20070614.jpg","title":"Spokane from Palisades","size":908145,"type":"image/jpeg","url":"https://assets-us-01.kc-usercontent.com/37206de2-9227-00f4-a038-ae81a9cd9512/ccd6d8a6-07c4-4f37-ae96-f3e7202e9669/SpokaneFromPalisades_20070614.jpg","image_width":3006,"image_height":888,"file_reference":{"id":"ccd6d8a6-07c4-4f37-ae96-f3e7202e9669","type":"internal"},"descriptions":[{"language":{"id":"00000000-0000-0000-0000-000000000000"},"description":"View of Spokane from Palisades"}],"last_modified":"2018-09-28T19:09:34.8431567Z"},{"id":"22a8ef67-4294-4164-afa0-0a1c9b048043","file_name":"willian-west-283022-unsplash.jpg","title":"Eiffel Tower","size":988562,"type":"image/jpeg","url":"https://assets-us-01.kc-usercontent.com/37206de2-9227-00f4-a038-ae81a9cd9512/6318ba70-1afd-419a-8f27-d074526b051b/willian-west-283022-unsplash.jpg","image_width":3400,"image_height":2269,"file_reference":{"id":"6318ba70-1afd-419a-8f27-d074526b051b","type":"internal"},"descriptions":[{"language":{"id":"00000000-0000-0000-0000-000000000000"},"description":"Eiffel Tower at sunset"}],"last_modified":"2018-09-28T19:09:51.4259013Z"},{"id":"23f70bef-1c28-4c30-875e-6f5ddd22534c","file_name":"arnaud-papa-28756-unsplash.jpg","title":null,"size":3003034,"type":"image/jpeg","url":"https://assets-us-01.kc-usercontent.com/37206de2-9227-00f4-a038-ae81a9cd9512/088d2392-ccd6-4af0-8823-d205123063ab/arnaud-papa-28756-unsplash.jpg","image_width":5184,"image_height":3456,"file_reference":{"id":"088d2392-ccd6-4af0-8823-d205123063ab","type":"internal"},"descriptions":[{"language":{"id":"00000000-0000-0000-0000-000000000000"},"description":"Telescope"}],"last_modified":"2018-09-28T19:05:20.9481123Z"},{"id":"25ba4a6d-e651-4ef5-93b1-028757026a4a","file_name":"drif-riadh-389081-unsplash.jpg","title":"Horsehoe Bend, Grand Canyon","size":3672129,"type":"image/jpeg","url":"https://assets-us-01.kc-usercontent.com/37206de2-9227-00f4-a038-ae81a9cd9512/7b2d567a-f25b-4004-83ed-786a1fb36e20/drif-riadh-389081-unsplash.jpg","image_width":5472,"image_height":3648,"file_reference":{"id":"7b2d567a-f25b-4004-83ed-786a1fb36e20","type":"internal"},"descriptions":[{"language":{"id":"00000000-0000-0000-0000-000000000000"},"description":"A woman hiker overlooking Horsehoe Bend in the Grand Canyon"}],"last_modified":"2018-09-28T19:12:14.870403Z"},{"id":"41d29759-6471-4214-986e-1c51f5d46c86","file_name":"KimberlyDaniels.jpg","title":null,"size":9880,"type":"image/jpeg","url":"https://assets-us-01.kc-usercontent.com/37206de2-9227-00f4-a038-ae81a9cd9512/a010e838-1c78-4c42-aef7-dcdb48b209e1/KimberlyDaniels.jpg","image_width":240,"image_height":240,"file_reference":{"id":"a010e838-1c78-4c42-aef7-dcdb48b209e1","type":"internal"},"descriptions":[{"language":{"id":"00000000-0000-0000-0000-000000000000"},"description":"Kimberly Daniels"}],"last_modified":"2018-09-28T19:04:04.5139084Z"},{"id":"42c3f705-038c-4e97-b95f-e31421c94bdb","file_name":"willian-west-355103-unsplash.jpg","title":"Roman Colosseum","size":1003762,"type":"image/jpeg","url":"https://assets-us-01.kc-usercontent.com/37206de2-9227-00f4-a038-ae81a9cd9512/5a115009-b4e7-432e-a31b-bfc30ab04830/willian-west-355103-unsplash.jpg","image_width":3300,"image_height":2468,"file_reference":{"id":"5a115009-b4e7-432e-a31b-bfc30ab04830","type":"internal"},"descriptions":[{"language":{"id":"00000000-0000-0000-0000-000000000000"},"description":"The Roman Colosseum at sunset"}],"last_modified":"2018-09-28T19:11:50.7659184Z"},{"id":"4ce92230-ff1e-4a41-8af0-ca28686afdd3","file_name":"lucas-clara-579404-unsplash.jpg","title":null,"size":3990512,"type":"image/jpeg","url":"https://assets-us-01.kc-usercontent.com/37206de2-9227-00f4-a038-ae81a9cd9512/234d7728-9c83-4f1c-bb8a-e1dad2f74392/lucas-clara-579404-unsplash.jpg","image_width":5472,"image_height":3648,"file_reference":{"id":"234d7728-9c83-4f1c-bb8a-e1dad2f74392","type":"internal"},"descriptions":[{"language":{"id":"00000000-0000-0000-0000-000000000000"},"description":"Man with red backpack standing on cliff facing mountains under white sky during daytime"}],"last_modified":"2018-09-28T19:00:51.1523262Z"},{"id":"678eb162-cd2d-4e6d-9fae-fd96786dbc63","file_name":"luca-micheli-422053-unsplash.jpg","title":"London","size":3778652,"type":"image/jpeg","url":"https://assets-us-01.kc-usercontent.com/37206de2-9227-00f4-a038-ae81a9cd9512/b6be1b99-ba5a-456c-9fa0-aeb6892ded98/luca-micheli-422053-unsplash.jpg","image_width":5760,"image_height":3840,"file_reference":{"id":"b6be1b99-ba5a-456c-9fa0-aeb6892ded98","type":"internal"},"descriptions":[{"language":{"id":"00000000-0000-0000-0000-000000000000"},"description":"View of London from a helicopter"}],"last_modified":"2018-09-28T19:11:26.7495927Z"},{"id":"6f394e1b-1914-48c9-be1c-ac91b9be3d71","file_name":"kira-auf-der-heide-330895-unsplash.jpg","title":null,"size":4325094,"type":"image/jpeg","url":"https://assets-us-01.kc-usercontent.com/37206de2-9227-00f4-a038-ae81a9cd9512/48cd04a4-e668-4f0d-acb9-0c82b35d118b/kira-auf-der-heide-330895-unsplash.jpg","image_width":5184,"image_height":3456,"file_reference":{"id":"48cd04a4-e668-4f0d-acb9-0c82b35d118b","type":"internal"},"descriptions":[{"language":{"id":"00000000-0000-0000-0000-000000000000"},"description":null}],"last_modified":"2018-10-09T20:27:51.9595848Z"},{"id":"87a10084-6612-41ae-a4c2-73e835d6b3e6","file_name":"diego-jimenez-263102-unsplash.jpg","title":"Great Wall of China","size":1360388,"type":"image/jpeg","url":"https://assets-us-01.kc-usercontent.com/37206de2-9227-00f4-a038-ae81a9cd9512/c5844de7-1073-453d-ba48-3071235f08ed/diego-jimenez-263102-unsplash.jpg","image_width":3556,"image_height":2371,"file_reference":{"id":"c5844de7-1073-453d-ba48-3071235f08ed","type":"internal"},"descriptions":[{"language":{"id":"00000000-0000-0000-0000-000000000000"},"description":"Great Wall of China"}],"last_modified":"2018-09-28T19:07:29.232358Z"},{"id":"8ac3c277-b12d-432a-807f-f342bb1bd398","file_name":"BillyBates.jpg","title":"BillyBatesCobbs.jpg","size":8713,"type":"image/jpeg","url":"https://assets-us-01.kc-usercontent.com/37206de2-9227-00f4-a038-ae81a9cd9512/aefd078b-6037-4402-9f7f-8305a3fa21d9/BillyBates.jpg","image_width":240,"image_height":240,"file_reference":{"id":"aefd078b-6037-4402-9f7f-8305a3fa21d9","type":"internal"},"descriptions":[{"language":{"id":"00000000-0000-0000-0000-000000000000"},"description":"Billy Bates Cobbs"}],"last_modified":"2018-09-11T20:29:14.3131441Z"},{"id":"b5bda2ad-8b40-4194-9fc6-f24a3325b6c2","file_name":"liam-pozz-247954-unsplash.jpg","title":"Sydney Opera House","size":2041781,"type":"image/jpeg","url":"https://assets-us-01.kc-usercontent.com/37206de2-9227-00f4-a038-ae81a9cd9512/880b0b31-b76b-425c-99c5-2388c7af9f6c/liam-pozz-247954-unsplash.jpg","image_width":4952,"image_height":3172,"file_reference":{"id":"880b0b31-b76b-425c-99c5-2388c7af9f6c","type":"internal"},"descriptions":[{"language":{"id":"00000000-0000-0000-0000-000000000000"},"description":"Sydney Opera House at sunset"}],"last_modified":"2018-09-28T19:07:18.7738849Z"},{"id":"b5fe382e-385d-4c66-a11f-a7ee4b9b5a52","file_name":"rawpixel-191102-unsplash.jpg","title":null,"size":7614906,"type":"image/jpeg","url":"https://assets-us-01.kc-usercontent.com/37206de2-9227-00f4-a038-ae81a9cd9512/637078d8-8119-4f84-a693-1d5cdaf4c157/rawpixel-191102-unsplash.jpg","image_width":6689,"image_height":4368,"file_reference":{"id":"637078d8-8119-4f84-a693-1d5cdaf4c157","type":"internal"},"descriptions":[{"language":{"id":"00000000-0000-0000-0000-000000000000"},"description":"Overhead view of a map with two people planning a roadtrip."}],"last_modified":"2018-09-28T19:08:07.9166542Z"},{"id":"c327d279-db4d-4bd9-bb88-0464c430c1c2","file_name":"JerryRosario.jpg","title":null,"size":6440,"type":"image/jpeg","url":"https://assets-us-01.kc-usercontent.com/37206de2-9227-00f4-a038-ae81a9cd9512/e776304b-7530-4fd0-b02e-78b830f924c8/JerryRosario.jpg","image_width":240,"image_height":240,"file_reference":{"id":"e776304b-7530-4fd0-b02e-78b830f924c8","type":"internal"},"descriptions":[{"language":{"id":"00000000-0000-0000-0000-000000000000"},"description":"Jerry Rosario"}],"last_modified":"2018-09-11T20:23:36.5205299Z"},{"id":"c5660c4d-165c-4c04-bee6-524a5fb9de8a","file_name":"matese-fields-233175-unsplash.jpg","title":null,"size":1447183,"type":"image/jpeg","url":"https://assets-us-01.kc-usercontent.com/37206de2-9227-00f4-a038-ae81a9cd9512/000d9565-27f0-44cb-8fd8-2cac48b543b5/matese-fields-233175-unsplash.jpg","image_width":2942,"image_height":1956,"file_reference":{"id":"000d9565-27f0-44cb-8fd8-2cac48b543b5","type":"internal"},"descriptions":[{"language":{"id":"00000000-0000-0000-0000-000000000000"},"description":"Man staring at white sky taken at daytime"}],"last_modified":"2018-09-28T19:04:25.04397Z"},{"id":"e3639640-ed03-4609-b0e7-9b278753b23f","file_name":"rebe-adelaida-293711-unsplash.jpg","title":"Gondolas in Venice","size":4848385,"type":"image/jpeg","url":"https://assets-us-01.kc-usercontent.com/37206de2-9227-00f4-a038-ae81a9cd9512/0c84e8c4-5e70-4d46-b33d-bbe1a0ef3a7b/rebe-adelaida-293711-unsplash.jpg","image_width":6000,"image_height":3750,"file_reference":{"id":"0c84e8c4-5e70-4d46-b33d-bbe1a0ef3a7b","type":"internal"},"descriptions":[{"language":{"id":"00000000-0000-0000-0000-000000000000"},"description":"Gondolas in Venice"}],"last_modified":"2018-09-28T19:09:22.2860012Z"},{"id":"ef907845-3914-4b2b-9b38-92f13a22b536","file_name":"edgar-chaparro-143297-unsplash.jpg","title":"Golden Gate Bridge","size":2660778,"type":"image/jpeg","url":"https://assets-us-01.kc-usercontent.com/37206de2-9227-00f4-a038-ae81a9cd9512/b629e325-24d3-4890-b378-e08436c0b41e/edgar-chaparro-143297-unsplash.jpg","image_width":4274,"image_height":2849,"file_reference":{"id":"b629e325-24d3-4890-b378-e08436c0b41e","type":"internal"},"descriptions":[{"language":{"id":"00000000-0000-0000-0000-000000000000"},"description":"View of Golden Gate Bridge from helicopter"}],"last_modified":"2018-09-28T19:09:15.6406027Z"},{"id":"f481df66-c360-4b9e-956e-6ffa9590b67c","file_name":"jeremy-bishop-346050-unsplash.jpg","title":"Pyramid of Khafre","size":5166445,"type":"image/jpeg","url":"https://assets-us-01.kc-usercontent.com/37206de2-9227-00f4-a038-ae81a9cd9512/c6d8ac5f-071d-403d-9a1f-c1264798fd60/jeremy-bishop-346050-unsplash.jpg","image_width":5184,"image_height":3456,"file_reference":{"id":"c6d8ac5f-071d-403d-9a1f-c1264798fd60","type":"internal"},"descriptions":[{"language":{"id":"00000000-0000-0000-0000-000000000000"},"description":"The Pyramid of Khafre"}],"last_modified":"2018-09-28T19:11:38.8200112Z"},{"id":"f940e856-7fc8-4f3d-80e3-d0330e4c5e4c","file_name":"juan-di-nella-961-unsplash.jpg","title":null,"size":2128650,"type":"image/jpeg","url":"https://assets-us-01.kc-usercontent.com/37206de2-9227-00f4-a038-ae81a9cd9512/7d6bf44b-b66d-4197-b71e-1a0b5a064812/juan-di-nella-961-unsplash.jpg","image_width":5184,"image_height":3456,"file_reference":{"id":"7d6bf44b-b66d-4197-b71e-1a0b5a064812","type":"internal"},"descriptions":[{"language":{"id":"00000000-0000-0000-0000-000000000000"},"description":"View from backseat of car"}],"last_modified":"2018-09-28T19:06:45.6517414Z"}]