[{"id":"efed04f0-9b51-4c69-95a4-3169fd85234a","codename":"front_matter","last_modified":"2018-09-28T21:48:34.250757Z","name":"Front Matter","elements":[{"guidelines":"<h1>Front Matter</h1>","type":"guidelines","id":"ae4baf0a-4afc-47ff-8e31-01bacf72f97e","codename":"front_matter__ae4baf0a_4afc_47ff_8e31_01bacf72f97e"},{"maximum_text_length":null,"name":"Title","guidelines":null,"is_required":true,"type":"text","id":"343d0630-e94e-418e-b326-11b20c70ada1","codename":"front_matter__title"},{"asset_count_limit":{"value":1,"condition":"at_most"},"maximum_file_size":null,"allowed_file_types":"adjustable","image_width_limit":null,"image_height_limit":null,"name":"Feature Image","guidelines":null,"is_required":false,"type":"asset","id":"7c680870-fc78-4ddb-ba1b-14ef91da1793","codename":"front_matter__feature_image"}]},{"id":"beb7f4a2-358d-4451-a23f-c8e52b7e37ab","codename":"metadata","last_modified":"2018-09-11T20:16:45.2227061Z","name":"Metadata","elements":[{"guidelines":"<h1>Metadata</h1>","type":"guidelines","id":"39f4a890-f5a7-4912-a8fe-cc3d6e923fbb","codename":"metadata__n39f4a890_f5a7_4912_a8fe_cc3d6e923fbb"},{"maximum_text_length":null,"name":"Page Title","guidelines":null,"is_required":false,"type":"text","id":"095b598d-fbe6-43be-aefe-caf50d4f23cf","codename":"metadata__page_title"},{"maximum_text_length":null,"name":"Page Description","guidelines":null,"is_required":false,"type":"text","id":"05187785-92de-4ded-aff4-fcc94159e081","codename":"metadata__page_description"}]}]