[{"deliveryUrl":"https://assets-eu-01.kc-usercontent.com:443/17f753d5-7cbb-013c-3480-7b01e54c3c26/5d8dfb3b-7874-4a59-8e83-93b8f5fc865c/hayden-walker-704909-unsplash.jpg","fileName":"hayden-walker-704909-unsplash.jpg","id":"2514be24-ab41-49ff-8371-881026bf99e3","type":"image/jpeg","description":null,"size":601830,"zipFilePath":"assets/251/2514be24-ab41-49ff-8371-881026bf99e3/hayden-walker-704909-unsplash.jpg","title":"hayden-walker-704909-unsplash.jpg"},{"deliveryUrl":"https://assets-eu-01.kc-usercontent.com:443/17f753d5-7cbb-013c-3480-7b01e54c3c26/1ed8fc18-26b3-4d65-a297-86beeeb6b017/jackson-hendry-454071-unsplash.jpg","fileName":"jackson-hendry-454071-unsplash.jpg","id":"648b7057-4f1c-4d2f-b4a5-dec7dc3acd6f","type":"image/jpeg","description":null,"size":244377,"zipFilePath":"assets/648/648b7057-4f1c-4d2f-b4a5-dec7dc3acd6f/jackson-hendry-454071-unsplash.jpg","title":"jackson-hendry-454071-unsplash.jpg"},{"deliveryUrl":"https://assets-eu-01.kc-usercontent.com:443/17f753d5-7cbb-013c-3480-7b01e54c3c26/a9ae2b45-c126-4ce0-aa36-dce4721bb414/abigail-keenan-65485-unsplash.jpg","fileName":"abigail-keenan-65485-unsplash.jpg","id":"d23c7fe5-6803-464b-beb8-6270488f7047","type":"image/jpeg","description":null,"size":291417,"zipFilePath":"assets/d23/d23c7fe5-6803-464b-beb8-6270488f7047/abigail-keenan-65485-unsplash.jpg","title":"abigail-keenan-65485-unsplash.jpg"},{"deliveryUrl":"https://assets-eu-01.kc-usercontent.com:443/17f753d5-7cbb-013c-3480-7b01e54c3c26/ea2272fe-be5e-48a7-99f2-36793423823b/benjamin-voros-575800-unsplash.jpg","fileName":"benjamin-voros-575800-unsplash.jpg","id":"5f6e318b-bc8f-4c7e-a7fb-ab9296ddd2f1","type":"image/jpeg","description":null,"size":467911,"zipFilePath":"assets/5f6/5f6e318b-bc8f-4c7e-a7fb-ab9296ddd2f1/benjamin-voros-575800-unsplash.jpg","title":"benjamin-voros-575800-unsplash.jpg"},{"deliveryUrl":"https://assets-eu-01.kc-usercontent.com:443/17f753d5-7cbb-013c-3480-7b01e54c3c26/891fa2fb-f608-4e3b-a9d0-37cefed6b936/dan-stark-40228-unsplash.jpg","fileName":"dan-stark-40228-unsplash.jpg","id":"d7b7c035-d815-4dec-9d49-710bce41f16b","type":"image/jpeg","description":null,"size":536570,"zipFilePath":"assets/d7b/d7b7c035-d815-4dec-9d49-710bce41f16b/dan-stark-40228-unsplash.jpg","title":"dan-stark-40228-unsplash.jpg"},{"deliveryUrl":"https://assets-eu-01.kc-usercontent.com:443/17f753d5-7cbb-013c-3480-7b01e54c3c26/3f6ff291-8d73-40f4-a1dc-e6ebae3dd393/jeremy-bishop-298892-unsplash.jpg","fileName":"jeremy-bishop-298892-unsplash.jpg","id":"455a6453-0b3e-4cf0-826f-5d303d4ee80d","type":"image/jpeg","description":null,"size":407587,"zipFilePath":"assets/455/455a6453-0b3e-4cf0-826f-5d303d4ee80d/jeremy-bishop-298892-unsplash.jpg","title":"jeremy-bishop-298892-unsplash.jpg"},{"deliveryUrl":"https://assets-eu-01.kc-usercontent.com:443/17f753d5-7cbb-013c-3480-7b01e54c3c26/b6b4516b-069c-45ac-a870-807662bacf81/jon-tehero-520820-unsplash.jpg","fileName":"jon-tehero-520820-unsplash.jpg","id":"640d4cfd-8156-4b12-a0c1-d8a5df631575","type":"image/jpeg","description":null,"size":410762,"zipFilePath":"assets/640/640d4cfd-8156-4b12-a0c1-d8a5df631575/jon-tehero-520820-unsplash.jpg","title":"jon-tehero-520820-unsplash.jpg"},{"deliveryUrl":"https://assets-eu-01.kc-usercontent.com:443/17f753d5-7cbb-013c-3480-7b01e54c3c26/c88a2b67-a2ae-4d0a-a00b-e1747f8b2847/julien-riedel-756759-unsplash.jpg","fileName":"julien-riedel-756759-unsplash.jpg","id":"d36a3440-25ba-4998-8b6f-616e38e0b337","type":"image/jpeg","description":null,"size":572008,"zipFilePath":"assets/d36/d36a3440-25ba-4998-8b6f-616e38e0b337/julien-riedel-756759-unsplash.jpg","title":"julien-riedel-756759-unsplash.jpg"},{"deliveryUrl":"https://assets-eu-01.kc-usercontent.com:443/17f753d5-7cbb-013c-3480-7b01e54c3c26/372a14aa-b2a3-485c-8b6e-1c1eae82f84e/milada-vigerova-36934-unsplash.jpg","fileName":"milada-vigerova-36934-unsplash.jpg","id":"7cfab070-0f30-4766-aa76-298b3ca06a8f","type":"image/jpeg","description":null,"size":290637,"zipFilePath":"assets/7cf/7cfab070-0f30-4766-aa76-298b3ca06a8f/milada-vigerova-36934-unsplash.jpg","title":"milada-vigerova-36934-unsplash.jpg"},{"deliveryUrl":"https://assets-eu-01.kc-usercontent.com:443/17f753d5-7cbb-013c-3480-7b01e54c3c26/0a86a396-2d79-4d0b-90ee-56accfc1665a/photo-nic-co-uk-nic-136747-unsplash.jpg","fileName":"photo-nic-co-uk-nic-136747-unsplash.jpg","id":"02717d2a-9b41-4686-be17-5169f904d2f0","type":"image/jpeg","description":null,"size":428384,"zipFilePath":"assets/027/02717d2a-9b41-4686-be17-5169f904d2f0/photo-nic-co-uk-nic-136747-unsplash.jpg","title":"photo-nic-co-uk-nic-136747-unsplash.jpg"},{"deliveryUrl":"https://assets-eu-01.kc-usercontent.com:443/17f753d5-7cbb-013c-3480-7b01e54c3c26/fb08fe70-6dd5-4023-92fd-467440be324d/sebastian-unrau-47679-unsplash.jpg","fileName":"sebastian-unrau-47679-unsplash.jpg","id":"e5b7ae3c-5681-4f47-839b-3f85c8549fb8","type":"image/jpeg","description":null,"size":488290,"zipFilePath":"assets/e5b/e5b7ae3c-5681-4f47-839b-3f85c8549fb8/sebastian-unrau-47679-unsplash.jpg","title":"sebastian-unrau-47679-unsplash.jpg"},{"deliveryUrl":"https://assets-eu-01.kc-usercontent.com:443/17f753d5-7cbb-013c-3480-7b01e54c3c26/ec6a2977-ca11-4012-9318-e64dc7266467/simon-rae-221560-unsplash.jpg","fileName":"simon-rae-221560-unsplash.jpg","id":"f5bcb216-6588-4bd1-894d-b05bc9b3e5a7","type":"image/jpeg","description":null,"size":1015315,"zipFilePath":"assets/f5b/f5bcb216-6588-4bd1-894d-b05bc9b3e5a7/simon-rae-221560-unsplash.jpg","title":"simon-rae-221560-unsplash.jpg"}]