[{"codename":"about","id":"dba39e26-a7a4-442f-974b-47b8ec2b3239","name":"About","typeCodename":"about_page"},{"codename":"aliquam_ipsum_sed_dolore","id":"78ba84f7-750e-4629-9eed-8a73dfaf2970","name":"Aliquam ipsum sed dolore","typeCodename":"image"},{"codename":"contact","id":"7fbf502b-2806-4542-8c2b-da3250869e14","name":"Contact","typeCodename":"contact"},{"codename":"cursis_aliquam_nisl","id":"f7941d41-8128-4812-a933-24d139db7ece","name":"Cursis aliquam nisl","typeCodename":"image"},{"codename":"home_page","id":"5b6f0581-0bd6-4395-8e5b-d26aa7cec043","name":"Home page","typeCodename":"home_page"},{"codename":"magna_feugiat_lorem","id":"d405ace1-8dc0-421c-8673-356406fec2d2","name":"Magna feugiat lorem","typeCodename":"image"},{"codename":"nisl_adipiscing","id":"46f35d85-caf6-4f4a-ae76-b9d80801f03f","name":"Nisl adipiscing","typeCodename":"image"},{"codename":"tempus_aliquam_veroeros","id":"3b55c1f9-4cef-40e4-94fc-23f04e9e1d72","name":"Tempus aliquam veroeros","typeCodename":"image"},{"codename":"sed_consequat_phasellus","id":"8ef85dd8-2a94-492b-8af2-d5b5a523a8bf","name":"Sed consequat phasellus","typeCodename":"image"},{"codename":"mauris_id_tellus_arcu","id":"c7bddc87-4365-4f8b-96da-ce434917bf79","name":"Mauris id tellus arcu","typeCodename":"image"},{"codename":"nunc_vehicula_id_nulla","id":"4f4a4457-f3a8-4bbf-b6b1-23f25dc68b03","name":"Nunc vehicula id nulla","typeCodename":"image"},{"codename":"neque_et_faucibus_viverra","id":"37b5bb42-45cf-4a3d-994f-4ea22baabbfa","name":"Neque et faucibus viverra","typeCodename":"image"},{"codename":"mattis_ante_fermentum","id":"1e4a7deb-dff4-4103-8a38-b82adcaf7ac0","name":"Mattis ante fermentum","typeCodename":"image"},{"codename":"sed_ac_elementum_arcu","id":"06855923-26fe-42f8-b9d0-3c12adf130dc","name":"Sed ac elementum arcu","typeCodename":"image"},{"codename":"vehicula_id_nulla_dignissim","id":"2fd66c80-9a10-4f0a-a742-c6c5f0d12b1f","name":"Vehicula id nulla dignissim","typeCodename":"image"}]