[{"elements":[{"options":[],"codename":"title","name":"Title","type":"text"},{"options":[],"codename":"text","name":"Text","type":"rich_text"}],"system":{"codename":"about_page","id":"ae71b988-f0da-4377-81f3-51dd21dd8cdb","name":"About page"}},{"elements":[{"options":[],"codename":"github","name":"GitHub","type":"text"},{"options":[],"codename":"dribbble","name":"Dribbble","type":"text"},{"options":[],"codename":"twitter","name":"Twitter","type":"text"},{"options":[],"codename":"facebook","name":"Facebook","type":"text"},{"options":[],"codename":"instagram","name":"Instagram","type":"text"},{"options":[],"codename":"linkedin","name":"LinkedIn","type":"text"}],"system":{"codename":"contact","id":"f9d02279-a24a-45e0-b482-9e6b3f87aff3","name":"Contact"}},{"elements":[{"options":[],"codename":"photos","name":"Photos","type":"modular_content"}],"system":{"codename":"home_page","id":"11b5b99d-9dec-4553-ba2d-b7bc38eec969","name":"Home page"}},{"elements":[{"options":[],"codename":"title","name":"Title","type":"text"},{"options":[],"codename":"image","name":"Image","type":"asset"},{"options":[],"codename":"text","name":"Text","type":"rich_text"}],"system":{"codename":"image","id":"19e211c4-d8a6-45cd-b9b1-3008548efc79","name":"Image"}}]