[{"itemCodename":"about","itemId":"dba39e26-a7a4-442f-974b-47b8ec2b3239","languageCodename":"default","elements":[{"value":"Magna feugiat sed adipiscing","elementCodename":"Title","elementModel":{"codename":"title","type":"text","name":"Title","options":[]}},{"value":"<p>Nulla consequat, ex ut suscipit rutrum, mi dolor tincidunt erat, et scelerisque turpis ipsum eget quis orci mattis aliquet. Maecenas fringilla et ante at lorem et ipsum. Dolor nulla eu bibendum sapien. Donec non pharetra dui. Nulla consequat, ex ut suscipit rutrum, mi dolor tincidunt erat, et scelerisque turpis ipsum.</p>","elementCodename":"Text","elementModel":{"codename":"text","type":"rich_text","name":"Text","options":[]}}]},{"itemCodename":"aliquam_ipsum_sed_dolore","itemId":"78ba84f7-750e-4629-9eed-8a73dfaf2970","languageCodename":"default","elements":[{"value":[{"name":"hayden-walker-704909-unsplash.jpg","type":"image/jpeg","size":601830,"description":null,"url":"https://assets-eu-01.kc-usercontent.com:443/17f753d5-7cbb-013c-3480-7b01e54c3c26/5d8dfb3b-7874-4a59-8e83-93b8f5fc865c/hayden-walker-704909-unsplash.jpg"}],"elementCodename":"Image","elementModel":{"codename":"image","type":"asset","name":"Image","options":[]}},{"value":"Aliquam ipsum sed dolore","elementCodename":"Title","elementModel":{"codename":"title","type":"text","name":"Title","options":[]}},{"value":"<p>Nunc blandit nisi ligula magna sodales lectus elementum non. Integer id venenatis velit.</p>","elementCodename":"Text","elementModel":{"codename":"text","type":"rich_text","name":"Text","options":[]}}]},{"itemCodename":"contact","itemId":"7fbf502b-2806-4542-8c2b-da3250869e14","languageCodename":"default","elements":[{"value":"#","elementCodename":"Twitter","elementModel":{"codename":"twitter","type":"text","name":"Twitter","options":[]}},{"value":"#","elementCodename":"Facebook","elementModel":{"codename":"facebook","type":"text","name":"Facebook","options":[]}},{"value":"#","elementCodename":"Instagram","elementModel":{"codename":"instagram","type":"text","name":"Instagram","options":[]}},{"value":"#","elementCodename":"GitHub","elementModel":{"codename":"github","type":"text","name":"GitHub","options":[]}},{"value":"#","elementCodename":"Dribbble","elementModel":{"codename":"dribbble","type":"text","name":"Dribbble","options":[]}},{"value":"#","elementCodename":"LinkedIn","elementModel":{"codename":"linkedin","type":"text","name":"LinkedIn","options":[]}}]},{"itemCodename":"cursis_aliquam_nisl","itemId":"f7941d41-8128-4812-a933-24d139db7ece","languageCodename":"default","elements":[{"value":[{"name":"jackson-hendry-454071-unsplash.jpg","type":"image/jpeg","size":244377,"description":null,"url":"https://assets-eu-01.kc-usercontent.com:443/17f753d5-7cbb-013c-3480-7b01e54c3c26/1ed8fc18-26b3-4d65-a297-86beeeb6b017/jackson-hendry-454071-unsplash.jpg"}],"elementCodename":"Image","elementModel":{"codename":"image","type":"asset","name":"Image","options":[]}},{"value":"Cursis aliquam nisl","elementCodename":"Title","elementModel":{"codename":"title","type":"text","name":"Title","options":[]}},{"value":"<p>Nunc blandit nisi ligula magna sodales lectus elementum non. Integer id venenatis velit.</p>","elementCodename":"Text","elementModel":{"codename":"text","type":"rich_text","name":"Text","options":[]}}]},{"itemCodename":"home_page","itemId":"5b6f0581-0bd6-4395-8e5b-d26aa7cec043","languageCodename":"default","elements":[{"value":["magna_feugiat_lorem","nisl_adipiscing","tempus_aliquam_veroeros","aliquam_ipsum_sed_dolore","cursis_aliquam_nisl","sed_consequat_phasellus","mauris_id_tellus_arcu","nunc_vehicula_id_nulla","neque_et_faucibus_viverra","mattis_ante_fermentum","sed_ac_elementum_arcu","vehicula_id_nulla_dignissim"],"elementCodename":"Photos","elementModel":{"codename":"photos","type":"modular_content","name":"Photos","options":[]}}]},{"itemCodename":"magna_feugiat_lorem","itemId":"d405ace1-8dc0-421c-8673-356406fec2d2","languageCodename":"default","elements":[{"value":[{"name":"abigail-keenan-65485-unsplash.jpg","type":"image/jpeg","size":291417,"description":null,"url":"https://assets-eu-01.kc-usercontent.com:443/17f753d5-7cbb-013c-3480-7b01e54c3c26/a9ae2b45-c126-4ce0-aa36-dce4721bb414/abigail-keenan-65485-unsplash.jpg"}],"elementCodename":"Image","elementModel":{"codename":"image","type":"asset","name":"Image","options":[]}},{"value":"Magna feugiat lorem","elementCodename":"Title","elementModel":{"codename":"title","type":"text","name":"Title","options":[]}},{"value":"<p>Nunc blandit nisi ligula magna sodales lectus elementum non. Integer id venenatis velit.</p>","elementCodename":"Text","elementModel":{"codename":"text","type":"rich_text","name":"Text","options":[]}}]},{"itemCodename":"nisl_adipiscing","itemId":"46f35d85-caf6-4f4a-ae76-b9d80801f03f","languageCodename":"default","elements":[{"value":[{"name":"benjamin-voros-575800-unsplash.jpg","type":"image/jpeg","size":467911,"description":null,"url":"https://assets-eu-01.kc-usercontent.com:443/17f753d5-7cbb-013c-3480-7b01e54c3c26/ea2272fe-be5e-48a7-99f2-36793423823b/benjamin-voros-575800-unsplash.jpg"}],"elementCodename":"Image","elementModel":{"codename":"image","type":"asset","name":"Image","options":[]}},{"value":"Nisl adipiscing","elementCodename":"Title","elementModel":{"codename":"title","type":"text","name":"Title","options":[]}},{"value":"<p>Nunc blandit nisi ligula magna sodales lectus elementum non. Integer id venenatis velit.</p>","elementCodename":"Text","elementModel":{"codename":"text","type":"rich_text","name":"Text","options":[]}}]},{"itemCodename":"tempus_aliquam_veroeros","itemId":"3b55c1f9-4cef-40e4-94fc-23f04e9e1d72","languageCodename":"default","elements":[{"value":[{"name":"dan-stark-40228-unsplash.jpg","type":"image/jpeg","size":536570,"description":null,"url":"https://assets-eu-01.kc-usercontent.com:443/17f753d5-7cbb-013c-3480-7b01e54c3c26/891fa2fb-f608-4e3b-a9d0-37cefed6b936/dan-stark-40228-unsplash.jpg"}],"elementCodename":"Image","elementModel":{"codename":"image","type":"asset","name":"Image","options":[]}},{"value":"Tempus aliquam veroeros","elementCodename":"Title","elementModel":{"codename":"title","type":"text","name":"Title","options":[]}},{"value":"<p>Nunc blandit nisi ligula magna sodales lectus elementum non. Integer id venenatis velit.</p>","elementCodename":"Text","elementModel":{"codename":"text","type":"rich_text","name":"Text","options":[]}}]},{"itemCodename":"sed_consequat_phasellus","itemId":"8ef85dd8-2a94-492b-8af2-d5b5a523a8bf","languageCodename":"default","elements":[{"value":[{"name":"jeremy-bishop-298892-unsplash.jpg","type":"image/jpeg","size":407587,"description":null,"url":"https://assets-eu-01.kc-usercontent.com:443/17f753d5-7cbb-013c-3480-7b01e54c3c26/3f6ff291-8d73-40f4-a1dc-e6ebae3dd393/jeremy-bishop-298892-unsplash.jpg"}],"elementCodename":"Image","elementModel":{"codename":"image","type":"asset","name":"Image","options":[]}},{"value":"Sed consequat phasellus","elementCodename":"Title","elementModel":{"codename":"title","type":"text","name":"Title","options":[]}},{"value":"<p>Nunc blandit nisi ligula magna sodales lectus elementum non. Integer id venenatis velit.</p>","elementCodename":"Text","elementModel":{"codename":"text","type":"rich_text","name":"Text","options":[]}}]},{"itemCodename":"mauris_id_tellus_arcu","itemId":"c7bddc87-4365-4f8b-96da-ce434917bf79","languageCodename":"default","elements":[{"value":[{"name":"jon-tehero-520820-unsplash.jpg","type":"image/jpeg","size":410762,"description":null,"url":"https://assets-eu-01.kc-usercontent.com:443/17f753d5-7cbb-013c-3480-7b01e54c3c26/b6b4516b-069c-45ac-a870-807662bacf81/jon-tehero-520820-unsplash.jpg"}],"elementCodename":"Image","elementModel":{"codename":"image","type":"asset","name":"Image","options":[]}},{"value":"Mauris id tellus arcu","elementCodename":"Title","elementModel":{"codename":"title","type":"text","name":"Title","options":[]}},{"value":"<p>Nunc blandit nisi ligula magna sodales lectus elementum non. Integer id venenatis velit.</p>","elementCodename":"Text","elementModel":{"codename":"text","type":"rich_text","name":"Text","options":[]}}]},{"itemCodename":"nunc_vehicula_id_nulla","itemId":"4f4a4457-f3a8-4bbf-b6b1-23f25dc68b03","languageCodename":"default","elements":[{"value":[{"name":"julien-riedel-756759-unsplash.jpg","type":"image/jpeg","size":572008,"description":null,"url":"https://assets-eu-01.kc-usercontent.com:443/17f753d5-7cbb-013c-3480-7b01e54c3c26/c88a2b67-a2ae-4d0a-a00b-e1747f8b2847/julien-riedel-756759-unsplash.jpg"}],"elementCodename":"Image","elementModel":{"codename":"image","type":"asset","name":"Image","options":[]}},{"value":"Nunc vehicula id nulla","elementCodename":"Title","elementModel":{"codename":"title","type":"text","name":"Title","options":[]}},{"value":"<p>Nunc blandit nisi ligula magna sodales lectus elementum non. Integer id venenatis velit.</p>","elementCodename":"Text","elementModel":{"codename":"text","type":"rich_text","name":"Text","options":[]}}]},{"itemCodename":"neque_et_faucibus_viverra","itemId":"37b5bb42-45cf-4a3d-994f-4ea22baabbfa","languageCodename":"default","elements":[{"value":[{"name":"milada-vigerova-36934-unsplash.jpg","type":"image/jpeg","size":290637,"description":null,"url":"https://assets-eu-01.kc-usercontent.com:443/17f753d5-7cbb-013c-3480-7b01e54c3c26/372a14aa-b2a3-485c-8b6e-1c1eae82f84e/milada-vigerova-36934-unsplash.jpg"}],"elementCodename":"Image","elementModel":{"codename":"image","type":"asset","name":"Image","options":[]}},{"value":"Neque et faucibus viverra","elementCodename":"Title","elementModel":{"codename":"title","type":"text","name":"Title","options":[]}},{"value":"<p>Nunc blandit nisi ligula magna sodales lectus elementum non. Integer id venenatis velit.</p>","elementCodename":"Text","elementModel":{"codename":"text","type":"rich_text","name":"Text","options":[]}}]},{"itemCodename":"mattis_ante_fermentum","itemId":"1e4a7deb-dff4-4103-8a38-b82adcaf7ac0","languageCodename":"default","elements":[{"value":[{"name":"photo-nic-co-uk-nic-136747-unsplash.jpg","type":"image/jpeg","size":428384,"description":null,"url":"https://assets-eu-01.kc-usercontent.com:443/17f753d5-7cbb-013c-3480-7b01e54c3c26/0a86a396-2d79-4d0b-90ee-56accfc1665a/photo-nic-co-uk-nic-136747-unsplash.jpg"}],"elementCodename":"Image","elementModel":{"codename":"image","type":"asset","name":"Image","options":[]}},{"value":"Mattis ante fermentum","elementCodename":"Title","elementModel":{"codename":"title","type":"text","name":"Title","options":[]}},{"value":"<p>Nunc blandit nisi ligula magna sodales lectus elementum non. Integer id venenatis velit.</p>","elementCodename":"Text","elementModel":{"codename":"text","type":"rich_text","name":"Text","options":[]}}]},{"itemCodename":"sed_ac_elementum_arcu","itemId":"06855923-26fe-42f8-b9d0-3c12adf130dc","languageCodename":"default","elements":[{"value":[{"name":"sebastian-unrau-47679-unsplash.jpg","type":"image/jpeg","size":488290,"description":null,"url":"https://assets-eu-01.kc-usercontent.com:443/17f753d5-7cbb-013c-3480-7b01e54c3c26/fb08fe70-6dd5-4023-92fd-467440be324d/sebastian-unrau-47679-unsplash.jpg"}],"elementCodename":"Image","elementModel":{"codename":"image","type":"asset","name":"Image","options":[]}},{"value":"Sed ac elementum arcu","elementCodename":"Title","elementModel":{"codename":"title","type":"text","name":"Title","options":[]}},{"value":"<p>Nunc blandit nisi ligula magna sodales lectus elementum non. Integer id venenatis velit.</p>","elementCodename":"Text","elementModel":{"codename":"text","type":"rich_text","name":"Text","options":[]}}]},{"itemCodename":"vehicula_id_nulla_dignissim","itemId":"2fd66c80-9a10-4f0a-a742-c6c5f0d12b1f","languageCodename":"default","elements":[{"value":[{"name":"simon-rae-221560-unsplash.jpg","type":"image/jpeg","size":1015315,"description":null,"url":"https://assets-eu-01.kc-usercontent.com:443/17f753d5-7cbb-013c-3480-7b01e54c3c26/ec6a2977-ca11-4012-9318-e64dc7266467/simon-rae-221560-unsplash.jpg"}],"elementCodename":"Image","elementModel":{"codename":"image","type":"asset","name":"Image","options":[]}},{"value":"Vehicula id nulla dignissim","elementCodename":"Title","elementModel":{"codename":"title","type":"text","name":"Title","options":[]}},{"value":"<p>Nunc blandit nisi ligula magna sodales lectus elementum non. Integer id venenatis velit.</p>","elementCodename":"Text","elementModel":{"codename":"text","type":"rich_text","name":"Text","options":[]}}]}]